model,email_id,fold,true_category,predicted_category,margin,scores
logistic_regression,email_001,4,bl_comparison,bl_comparison,2.634319617269,"{""bl_comparison"": 2.476874885699, ""general_message"": -0.993328722026, ""invoice_query"": -0.15744473157, ""new_si_request"": -0.271053259688, ""spam"": -1.055048172415}"
logistic_regression,email_002,1,invoice_query,invoice_query,2.237474100134,"{""bl_comparison"": 0.225840691324, ""general_message"": -1.071074790931, ""invoice_query"": 2.463314791458, ""new_si_request"": -0.444703589924, ""spam"": -1.173377101926}"
logistic_regression,email_003,5,bl_comparison,bl_comparison,2.01142700976,"{""bl_comparison"": 2.282172255572, ""general_message"": -0.985543314292, ""invoice_query"": 0.270745245812, ""new_si_request"": -0.437564943019, ""spam"": -1.129809244073}"
logistic_regression,email_004,2,bl_comparison,bl_comparison,2.554543193018,"{""bl_comparison"": 2.428924829606, ""general_message"": -0.972384316826, ""invoice_query"": -0.125618363412, ""new_si_request"": -0.254979078665, ""spam"": -1.075943070704}"
logistic_regression,email_005,1,bl_comparison,bl_comparison,2.2295020463,"{""bl_comparison"": 2.121885188821, ""general_message"": -0.723550910445, ""invoice_query"": -0.107616857479, ""new_si_request"": -0.297969734637, ""spam"": -0.992747686261}"
logistic_regression,email_006,1,bl_comparison,bl_comparison,1.955152767826,"{""bl_comparison"": 2.075551390211, ""general_message"": -0.824315408951, ""invoice_query"": 0.120398622385, ""new_si_request"": -0.245135833575, ""spam"": -1.12649877007}"
logistic_regression,email_007,5,new_si_request,new_si_request,2.951238078805,"{""bl_comparison"": -0.288785293432, ""general_message"": -0.900280136778, ""invoice_query"": -0.420503524628, ""new_si_request"": 2.662452785373, ""spam"": -1.052883830534}"
logistic_regression,email_008,4,new_si_request,new_si_request,2.223456570537,"{""bl_comparison"": 0.089497654978, ""general_message"": -0.939803668731, ""invoice_query"": -0.4105019077, ""new_si_request"": 2.312954225515, ""spam"": -1.052146304062}"
logistic_regression,email_009,4,bl_comparison,bl_comparison,2.965476433584,"{""bl_comparison"": 2.77780417718, ""general_message"": -1.013464225722, ""invoice_query"": -0.187672256404, ""new_si_request"": -0.505205132389, ""spam"": -1.071462562664}"
logistic_regression,email_010,3,invoice_query,invoice_query,1.555661767843,"{""bl_comparison"": 0.408190300697, ""general_message"": -0.963242249465, ""invoice_query"": 1.96385206854, ""new_si_request"": -0.311720559312, ""spam"": -1.097079560461}"
logistic_regression,email_011,4,general_message,general_message,2.955045871796,"{""bl_comparison"": -0.384005551231, ""general_message"": 2.571040320565, ""invoice_query"": -0.675567846942, ""new_si_request"": -0.81572991603, ""spam"": -0.695737006363}"
logistic_regression,email_012,5,general_message,general_message,3.090142011629,"{""bl_comparison"": -0.487236976593, ""general_message"": 2.602905035036, ""invoice_query"": -0.580366115025, ""new_si_request"": -0.857423960277, ""spam"": -0.677877983142}"
logistic_regression,email_013,5,bl_comparison,bl_comparison,2.933892820557,"{""bl_comparison"": 2.680372249653, ""general_message"": -1.086782624837, ""invoice_query"": -0.253520570904, ""new_si_request"": -0.324013862165, ""spam"": -1.016055191747}"
logistic_regression,email_014,5,new_si_request,new_si_request,2.574261159882,"{""bl_comparison"": 0.029803970057, ""general_message"": -0.995679661107, ""invoice_query"": -0.534761339257, ""new_si_request"": 2.604065129939, ""spam"": -1.103428099632}"
logistic_regression,email_015,4,spam,spam,2.143779033792,"{""bl_comparison"": -0.248530598632, ""general_message"": -0.296080848984, ""invoice_query"": -0.659797182513, ""new_si_request"": -0.690839805031, ""spam"": 1.89524843516}"
logistic_regression,email_016,4,bl_comparison,bl_comparison,1.841701124486,"{""bl_comparison"": 1.997914153424, ""general_message"": -0.97691156239, ""invoice_query"": 0.156213028938, ""new_si_request"": -0.090134576825, ""spam"": -1.087081043146}"
logistic_regression,email_017,5,invoice_query,invoice_query,2.227333625465,"{""bl_comparison"": 0.026335816015, ""general_message"": -0.655005804392, ""invoice_query"": 2.25366944148, ""new_si_request"": -0.594356303831, ""spam"": -1.030643149272}"
logistic_regression,email_018,1,bl_comparison,bl_comparison,2.117831802427,"{""bl_comparison"": 2.23810966824, ""general_message"": -1.09547463792, ""invoice_query"": 0.120277865813, ""new_si_request"": -0.032532236618, ""spam"": -1.230380659515}"
logistic_regression,email_019,3,new_si_request,new_si_request,2.871337525883,"{""bl_comparison"": -0.289942825034, ""general_message"": -0.817663054176, ""invoice_query"": -0.586712174669, ""new_si_request"": 2.581394700849, ""spam"": -0.887076646969}"
logistic_regression,email_020,2,new_si_request,new_si_request,2.756081445954,"{""bl_comparison"": -0.308577357698, ""general_message"": -0.692948369866, ""invoice_query"": -0.630219368645, ""new_si_request"": 2.447504088256, ""spam"": -0.815758992048}"
logistic_regression,email_021,2,general_message,general_message,3.049341055027,"{""bl_comparison"": -0.432221201225, ""general_message"": 2.617119853802, ""invoice_query"": -0.745953381952, ""new_si_request"": -0.791833540743, ""spam"": -0.647111729882}"
logistic_regression,email_022,2,new_si_request,new_si_request,2.990329481361,"{""bl_comparison"": -0.29669181122, ""general_message"": -0.894761118246, ""invoice_query"": -0.517895116834, ""new_si_request"": 2.693637670141, ""spam"": -0.984289623841}"
logistic_regression,email_023,5,new_si_request,new_si_request,2.811497208631,"{""bl_comparison"": -0.127941605795, ""general_message"": -1.078100861102, ""invoice_query"": -0.325674229887, ""new_si_request"": 2.683555602836, ""spam"": -1.151838906051}"
logistic_regression,email_024,1,invoice_query,invoice_query,2.054234630329,"{""bl_comparison"": 0.285448130309, ""general_message"": -0.989837083965, ""invoice_query"": 2.339682760638, ""new_si_request"": -0.432605717972, ""spam"": -1.20268808901}"
logistic_regression,email_025,3,bl_comparison,bl_comparison,2.944606972045,"{""bl_comparison"": 2.689517793346, ""general_message"": -1.074311993674, ""invoice_query"": -0.271433912348, ""new_si_request"": -0.255089178699, ""spam"": -1.088682708625}"
logistic_regression,email_026,2,spam,spam,3.350817653343,"{""bl_comparison"": -0.576715113189, ""general_message"": -0.549165157867, ""invoice_query"": -0.844836213529, ""new_si_request"": -0.830936010891, ""spam"": 2.801652495476}"
logistic_regression,email_027,4,new_si_request,new_si_request,3.035253057055,"{""bl_comparison"": -0.329546006236, ""general_message"": -0.864954249478, ""invoice_query"": -0.536165866221, ""new_si_request"": 2.705707050819, ""spam"": -0.975040928884}"
logistic_regression,email_028,5,new_si_request,new_si_request,2.057007183992,"{""bl_comparison"": 0.098916363079, ""general_message"": -0.861413042328, ""invoice_query"": -0.449973467856, ""new_si_request"": 2.155923547071, ""spam"": -0.943453399966}"
logistic_regression,email_029,5,new_si_request,new_si_request,3.131877966153,"{""bl_comparison"": -0.361776134773, ""general_message"": -0.836128578094, ""invoice_query"": -0.613281005058, ""new_si_request"": 2.77010183138, ""spam"": -0.958916113454}"
logistic_regression,email_030,2,new_si_request,new_si_request,1.951120439411,"{""bl_comparison"": 0.20440564774, ""general_message"": -1.006826911371, ""invoice_query"": -0.300142388981, ""new_si_request"": 2.155526087151, ""spam"": -1.05296243454}"
logistic_regression,email_031,2,bl_comparison,bl_comparison,3.155698818474,"{""bl_comparison"": 2.84042603571, ""general_message"": -1.084196716306, ""invoice_query"": -0.373916228438, ""new_si_request"": -0.315272782764, ""spam"": -1.067040308203}"
logistic_regression,email_032,4,bl_comparison,bl_comparison,2.576837409573,"{""bl_comparison"": 2.504727031306, ""general_message"": -1.104813496577, ""invoice_query"": -0.072110378267, ""new_si_request"": -0.175949406515, ""spam"": -1.151853749947}"
logistic_regression,email_033,3,new_si_request,new_si_request,2.657329123547,"{""bl_comparison"": -0.107477425746, ""general_message"": -1.053127914325, ""invoice_query"": -0.315363006131, ""new_si_request"": 2.549851697801, ""spam"": -1.073883351599}"
logistic_regression,email_034,3,bl_comparison,bl_comparison,2.624187199258,"{""bl_comparison"": 2.483966215233, ""general_message"": -0.950084217555, ""invoice_query"": -0.140220984025, ""new_si_request"": -0.339216410594, ""spam"": -1.054444603059}"
logistic_regression,email_035,1,new_si_request,new_si_request,2.359801800723,"{""bl_comparison"": -0.160266139955, ""general_message"": -0.65743025218, ""invoice_query"": -0.584200033135, ""new_si_request"": 2.199535660768, ""spam"": -0.797639235498}"
logistic_regression,email_036,2,bl_comparison,bl_comparison,1.821698354529,"{""bl_comparison"": 1.843039409335, ""general_message"": -0.664088909367, ""invoice_query"": 0.021341054806, ""new_si_request"": -0.247490154697, ""spam"": -0.952801400077}"
logistic_regression,email_037,5,general_message,general_message,2.409479662235,"{""bl_comparison"": -0.333069995303, ""general_message"": 2.076409666932, ""invoice_query"": -0.468970470561, ""new_si_request"": -0.723129097735, ""spam"": -0.551240103333}"
logistic_regression,email_038,5,bl_comparison,bl_comparison,2.652125391251,"{""bl_comparison"": 2.539463618393, ""general_message"": -1.034723975067, ""invoice_query"": -0.112661772858, ""new_si_request"": -0.383967840027, ""spam"": -1.008110030442}"
logistic_regression,email_039,1,new_si_request,new_si_request,2.914298259204,"{""bl_comparison"": -0.232146763478, ""general_message"": -0.988082763714, ""invoice_query"": -0.357138184957, ""new_si_request"": 2.682151495726, ""spam"": -1.104783783578}"
logistic_regression,email_040,3,bl_comparison,bl_comparison,2.443166641912,"{""bl_comparison"": 2.379784233201, ""general_message"": -0.968427403448, ""invoice_query"": -0.063382408711, ""new_si_request"": -0.302022439311, ""spam"": -1.045951981731}"
logistic_regression,email_041,2,invoice_query,invoice_query,1.780307800577,"{""bl_comparison"": 0.434792533391, ""general_message"": -0.959433028071, ""invoice_query"": 2.215100333968, ""new_si_request"": -0.499614537388, ""spam"": -1.1908453019}"
logistic_regression,email_042,3,new_si_request,new_si_request,2.176404106318,"{""bl_comparison"": 0.119270480078, ""general_message"": -0.925787930512, ""invoice_query"": -0.441768063868, ""new_si_request"": 2.295674586396, ""spam"": -1.047389072095}"
logistic_regression,email_043,2,bl_comparison,bl_comparison,2.398965198707,"{""bl_comparison"": 2.294335618311, ""general_message"": -0.956885107355, ""invoice_query"": -0.104629580396, ""new_si_request"": -0.168581467701, ""spam"": -1.064239462858}"
logistic_regression,email_044,3,bl_comparison,bl_comparison,2.856350297078,"{""bl_comparison"": 2.70486646746, ""general_message"": -1.114825108058, ""invoice_query"": -0.151483829618, ""new_si_request"": -0.233364843471, ""spam"": -1.205192686313}"
logistic_regression,email_045,2,invoice_query,invoice_query,1.289600420703,"{""bl_comparison"": 0.501750395941, ""general_message"": -0.813493263651, ""invoice_query"": 1.791350816644, ""new_si_request"": -0.3816639973, ""spam"": -1.097943951634}"
logistic_regression,email_046,4,bl_comparison,bl_comparison,2.426856603406,"{""bl_comparison"": 2.393419727408, ""general_message"": -0.906953893079, ""invoice_query"": -0.033436875998, ""new_si_request"": -0.398638797503, ""spam"": -1.054390160827}"
logistic_regression,email_047,4,bl_comparison,bl_comparison,2.789256251075,"{""bl_comparison"": 2.651697578727, ""general_message"": -1.040672437781, ""invoice_query"": -0.137558672348, ""new_si_request"": -0.466580019718, ""spam"": -1.00688644888}"
logistic_regression,email_048,1,invoice_query,invoice_query,2.504413536151,"{""bl_comparison"": -0.071815738772, ""general_message"": -0.773240742003, ""invoice_query"": 2.432597797379, ""new_si_request"": -0.426296430737, ""spam"": -1.161244885868}"
logistic_regression,email_049,5,bl_comparison,bl_comparison,1.729807224312,"{""bl_comparison"": 1.818906410039, ""general_message"": -0.677165426588, ""invoice_query"": 0.089099185727, ""new_si_request"": -0.273174235042, ""spam"": -0.957665934136}"
logistic_regression,email_050,4,bl_comparison,bl_comparison,1.814332334534,"{""bl_comparison"": 2.082196616162, ""general_message"": -1.045300876028, ""invoice_query"": 0.267864281628, ""new_si_request"": -0.260580552882, ""spam"": -1.04417946888}"
logistic_regression,email_051,2,bl_comparison,bl_comparison,2.685974798798,"{""bl_comparison"": 2.478811125447, ""general_message"": -1.013740197024, ""invoice_query"": -0.235646910854, ""new_si_request"": -0.207163673351, ""spam"": -1.022260344219}"
logistic_regression,email_052,1,bl_comparison,bl_comparison,2.602250100662,"{""bl_comparison"": 2.501373962269, ""general_message"": -0.946427218243, ""invoice_query"": -0.100876138393, ""new_si_request"": -0.387199043082, ""spam"": -1.06687156255}"
logistic_regression,email_053,5,general_message,general_message,2.298945942895,"{""bl_comparison"": -0.302396797797, ""general_message"": 1.996549145098, ""invoice_query"": -0.606361129427, ""new_si_request"": -0.662749588921, ""spam"": -0.425041628954}"
logistic_regression,email_054,5,new_si_request,new_si_request,2.402657801882,"{""bl_comparison"": -0.147046730407, ""general_message"": -0.743394315681, ""invoice_query"": -0.548412011076, ""new_si_request"": 2.255611071475, ""spam"": -0.81675801431}"
logistic_regression,email_055,5,bl_comparison,bl_comparison,1.951596601378,"{""bl_comparison"": 1.872443637529, ""general_message"": -0.803750116155, ""invoice_query"": -0.079152963849, ""new_si_request"": -0.083083249243, ""spam"": -0.906457308282}"
logistic_regression,email_056,4,bl_comparison,bl_comparison,2.64256580501,"{""bl_comparison"": 2.464768573178, ""general_message"": -0.96953816989, ""invoice_query"": -0.177797231832, ""new_si_request"": -0.284980660395, ""spam"": -1.032452511061}"
logistic_regression,email_057,4,new_si_request,new_si_request,2.65880120876,"{""bl_comparison"": -0.229697814962, ""general_message"": -0.809311174025, ""invoice_query"": -0.551452671395, ""new_si_request"": 2.429103393798, ""spam"": -0.838641733415}"
logistic_regression,email_058,4,bl_comparison,bl_comparison,2.942996109396,"{""bl_comparison"": 2.7192778588, ""general_message"": -1.052930386862, ""invoice_query"": -0.223718250596, ""new_si_request"": -0.392300077495, ""spam"": -1.050329143848}"
logistic_regression,email_059,1,bl_comparison,bl_comparison,2.66900341098,"{""bl_comparison"": 2.544258510719, ""general_message"": -1.053997781308, ""invoice_query"": -0.124744900261, ""new_si_request"": -0.210600160888, ""spam"": -1.154915668262}"
logistic_regression,email_060,2,invoice_query,invoice_query,2.691236660463,"{""bl_comparison"": -0.168195723308, ""general_message"": -0.840174835179, ""invoice_query"": 2.523040937155, ""new_si_request"": -0.482054289247, ""spam"": -1.03261608942}"
logistic_regression,email_061,5,bl_comparison,bl_comparison,2.989162754453,"{""bl_comparison"": 2.715887262465, ""general_message"": -1.031051708616, ""invoice_query"": -0.273275491988, ""new_si_request"": -0.40061788575, ""spam"": -1.010942176111}"
logistic_regression,email_062,2,invoice_query,invoice_query,2.549143380107,"{""bl_comparison"": -0.126681610755, ""general_message"": -0.817888341539, ""invoice_query"": 2.422461769352, ""new_si_request"": -0.471753910879, ""spam"": -1.006137906179}"
logistic_regression,email_063,4,bl_comparison,bl_comparison,2.061936204381,"{""bl_comparison"": 2.274055359423, ""general_message"": -0.952057484413, ""invoice_query"": 0.212119155042, ""new_si_request"": -0.414019058944, ""spam"": -1.120097971108}"
logistic_regression,email_064,4,bl_comparison,bl_comparison,3.21954588962,"{""bl_comparison"": 2.900438964835, ""general_message"": -1.001845283993, ""invoice_query"": -0.319106924785, ""new_si_request"": -0.532326041356, ""spam"": -1.047160714702}"
logistic_regression,email_065,2,bl_comparison,bl_comparison,2.460761381874,"{""bl_comparison"": 2.378077130344, ""general_message"": -1.048205692067, ""invoice_query"": -0.08268425153, ""new_si_request"": -0.134012624107, ""spam"": -1.11317456264}"
logistic_regression,email_066,3,bl_comparison,bl_comparison,1.831512089204,"{""bl_comparison"": 2.028747310308, ""general_message"": -0.920771237929, ""invoice_query"": 0.197235221104, ""new_si_request"": -0.258601937967, ""spam"": -1.046609355516}"
logistic_regression,email_067,4,new_si_request,new_si_request,1.820646014049,"{""bl_comparison"": 0.170783367069, ""general_message"": -0.885884698536, ""invoice_query"": -0.272045631022, ""new_si_request"": 1.991429381118, ""spam"": -1.004282418629}"
logistic_regression,email_068,1,bl_comparison,bl_comparison,2.733774769855,"{""bl_comparison"": 2.650348782518, ""general_message"": -1.008582084046, ""invoice_query"": -0.083425987337, ""new_si_request"": -0.383757434266, ""spam"": -1.174583276869}"
logistic_regression,email_069,2,invoice_query,invoice_query,2.255478558352,"{""bl_comparison"": 0.193234757037, ""general_message"": -0.99910614551, ""invoice_query"": 2.448713315389, ""new_si_request"": -0.571819714275, ""spam"": -1.071022212641}"
logistic_regression,email_070,2,general_message,general_message,2.495105309861,"{""bl_comparison"": -0.375696915738, ""general_message"": 2.119408394123, ""invoice_query"": -0.490026261858, ""new_si_request"": -0.732307489988, ""spam"": -0.521377726539}"
logistic_regression,email_071,4,bl_comparison,bl_comparison,2.746125844711,"{""bl_comparison"": 2.568403132286, ""general_message"": -0.949725112147, ""invoice_query"": -0.177722712425, ""new_si_request"": -0.362436483996, ""spam"": -1.078518823718}"
logistic_regression,email_072,3,spam,spam,3.520454715447,"{""bl_comparison"": -0.577009528931, ""general_message"": -0.644697992344, ""invoice_query"": -0.897021880965, ""new_si_request"": -0.824715784276, ""spam"": 2.943445186516}"
logistic_regression,email_073,2,new_si_request,new_si_request,2.823415922602,"{""bl_comparison"": -0.22994972044, ""general_message"": -0.826123760237, ""invoice_query"": -0.617867878559, ""new_si_request"": 2.593466202162, ""spam"": -0.919524842925}"
logistic_regression,email_074,3,invoice_query,invoice_query,3.029295184366,"{""bl_comparison"": -0.244610374013, ""general_message"": -0.97222063686, ""invoice_query"": 2.784684810353, ""new_si_request"": -0.488294461399, ""spam"": -1.079559338081}"
logistic_regression,email_075,3,general_message,general_message,2.716466313509,"{""bl_comparison"": -0.543879571343, ""general_message"": 2.328051140905, ""invoice_query"": -0.66508022756, ""new_si_request"": -0.730676169398, ""spam"": -0.388415172604}"
logistic_regression,email_076,5,general_message,general_message,3.386535173258,"{""bl_comparison"": -0.522339639451, ""general_message"": 2.864195533807, ""invoice_query"": -0.668498955874, ""new_si_request"": -0.876971720869, ""spam"": -0.796385217613}"
logistic_regression,email_077,5,bl_comparison,bl_comparison,1.844963669224,"{""bl_comparison"": 1.978956221126, ""general_message"": -0.916747497043, ""invoice_query"": 0.133992551902, ""new_si_request"": -0.107496396454, ""spam"": -1.088704879531}"
logistic_regression,email_078,5,invoice_query,invoice_query,3.150892153203,"{""bl_comparison"": -0.347152633789, ""general_message"": -0.890844706528, ""invoice_query"": 2.803739519414, ""new_si_request"": -0.531362402726, ""spam"": -1.034379776371}"
logistic_regression,email_079,4,new_si_request,new_si_request,2.592534507832,"{""bl_comparison"": -0.189734116586, ""general_message"": -0.828461430896, ""invoice_query"": -0.456656731305, ""new_si_request"": 2.402800391246, ""spam"": -0.927948112458}"
logistic_regression,email_080,3,bl_comparison,bl_comparison,1.840033653076,"{""bl_comparison"": 2.012401382507, ""general_message"": -0.913199943889, ""invoice_query"": 0.172367729431, ""new_si_request"": -0.245585192087, ""spam"": -1.025983975962}"
logistic_regression,email_081,1,bl_comparison,bl_comparison,2.023764688503,"{""bl_comparison"": 2.214354271592, ""general_message"": -0.934181548777, ""invoice_query"": 0.190589583089, ""new_si_request"": -0.385117093085, ""spam"": -1.085645212819}"
logistic_regression,email_082,1,bl_comparison,bl_comparison,3.206841343898,"{""bl_comparison"": 2.75432409347, ""general_message"": -0.807659957392, ""invoice_query"": -0.531750226513, ""new_si_request"": -0.452517250428, ""spam"": -0.962396659137}"
logistic_regression,email_083,3,general_message,general_message,2.744998006015,"{""bl_comparison"": -0.43673561221, ""general_message"": 2.308262393805, ""invoice_query"": -0.505742917487, ""new_si_request"": -0.771690621121, ""spam"": -0.594093242986}"
logistic_regression,email_084,5,new_si_request,new_si_request,2.555592724121,"{""bl_comparison"": -0.092293506014, ""general_message"": -1.042814694463, ""invoice_query"": -0.233390383578, ""new_si_request"": 2.463299218107, ""spam"": -1.094800634053}"
logistic_regression,email_085,1,invoice_query,invoice_query,3.189854985278,"{""bl_comparison"": -0.307421414122, ""general_message"": -0.898599910726, ""invoice_query"": 2.882433571156, ""new_si_request"": -0.620385062605, ""spam"": -1.056027183703}"
logistic_regression,email_086,4,general_message,general_message,2.993274794937,"{""bl_comparison"": -0.400464715344, ""general_message"": 2.592810079593, ""invoice_query"": -0.67133748947, ""new_si_request"": -0.765928941968, ""spam"": -0.75507893281}"
logistic_regression,email_087,4,invoice_query,invoice_query,3.408360863505,"{""bl_comparison"": -0.38131835219, ""general_message"": -0.818015666131, ""invoice_query"": 3.027042511315, ""new_si_request"": -0.736842273244, ""spam"": -1.09086621975}"
logistic_regression,email_088,1,bl_comparison,bl_comparison,2.934570320582,"{""bl_comparison"": 2.603470154944, ""general_message"": -0.868188018773, ""invoice_query"": -0.331100165638, ""new_si_request"": -0.424085653275, ""spam"": -0.980096317258}"
logistic_regression,email_089,1,general_message,general_message,2.273632697938,"{""bl_comparison"": -0.193764537959, ""general_message"": 2.079868159979, ""invoice_query"": -0.704214556827, ""new_si_request"": -0.676139231378, ""spam"": -0.505749833814}"
logistic_regression,email_090,1,bl_comparison,bl_comparison,3.100987498916,"{""bl_comparison"": 2.848258003858, ""general_message"": -1.026724472851, ""invoice_query"": -0.252729495058, ""new_si_request"": -0.549559224941, ""spam"": -1.019244811008}"
logistic_regression,email_091,5,bl_comparison,bl_comparison,3.052951535726,"{""bl_comparison"": 2.752776424313, ""general_message"": -1.02708238024, ""invoice_query"": -0.300175111413, ""new_si_request"": -0.341545145519, ""spam"": -1.083973787141}"
logistic_regression,email_092,4,bl_comparison,bl_comparison,2.643576562528,"{""bl_comparison"": 2.511084048923, ""general_message"": -1.03537766384, ""invoice_query"": -0.132492513605, ""new_si_request"": -0.322052759761, ""spam"": -1.021161111717}"
logistic_regression,email_093,3,new_si_request,new_si_request,2.470465959908,"{""bl_comparison"": -0.005149126191, ""general_message"": -0.902765515109, ""invoice_query"": -0.511702904957, ""new_si_request"": 2.465316833717, ""spam"": -1.045699287459}"
logistic_regression,email_094,3,new_si_request,new_si_request,2.643340205334,"{""bl_comparison"": -0.134119232708, ""general_message"": -0.995568017959, ""invoice_query"": -0.285146595807, ""new_si_request"": 2.509220972626, ""spam"": -1.094387126152}"
logistic_regression,email_095,2,bl_comparison,bl_comparison,2.634325532493,"{""bl_comparison"": 2.528544378138, ""general_message"": -1.073558980848, ""invoice_query"": -0.105781154355, ""new_si_request"": -0.31522864081, ""spam"": -1.033975602124}"
logistic_regression,email_096,3,bl_comparison,bl_comparison,2.455007688066,"{""bl_comparison"": 2.426472815228, ""general_message"": -1.099978251266, ""invoice_query"": -0.186695350178, ""new_si_request"": -0.028534872838, ""spam"": -1.111264340946}"
logistic_regression,email_097,3,bl_comparison,bl_comparison,2.019657238246,"{""bl_comparison"": 1.920279850662, ""general_message"": -0.641218394873, ""invoice_query"": -0.099377387584, ""new_si_request"": -0.249372441097, ""spam"": -0.930311627108}"
logistic_regression,email_098,5,general_message,general_message,3.146535187907,"{""bl_comparison"": -0.57774524604, ""general_message"": 2.592250896673, ""invoice_query"": -0.671745918091, ""new_si_request"": -0.788475441308, ""spam"": -0.554284291234}"
logistic_regression,email_099,3,invoice_query,invoice_query,1.665944339174,"{""bl_comparison"": 0.438763399774, ""general_message"": -1.06776937723, ""invoice_query"": 2.104707738948, ""new_si_request"": -0.329065699359, ""spam"": -1.146636062133}"
logistic_regression,email_100,4,bl_comparison,bl_comparison,2.698170623346,"{""bl_comparison"": 2.475340834927, ""general_message"": -0.833623637655, ""invoice_query"": -0.222829788419, ""new_si_request"": -0.380147264857, ""spam"": -1.038740143996}"
logistic_regression,email_101,5,new_si_request,new_si_request,1.940989637389,"{""bl_comparison"": 0.293931244103, ""general_message"": -1.040571422707, ""invoice_query"": -0.348427312177, ""new_si_request"": 2.234920881492, ""spam"": -1.139853390711}"
logistic_regression,email_102,3,invoice_query,invoice_query,3.378807338711,"{""bl_comparison"": -0.410403107091, ""general_message"": -0.799855593791, ""invoice_query"": 2.96840423162, ""new_si_request"": -0.713337953123, ""spam"": -1.044807577615}"
logistic_regression,email_103,2,new_si_request,new_si_request,1.81695959432,"{""bl_comparison"": 0.262998174261, ""general_message"": -0.947440950192, ""invoice_query"": -0.348986548509, ""new_si_request"": 2.079957768581, ""spam"": -1.046528444139}"
logistic_regression,email_104,2,invoice_query,invoice_query,2.594845536187,"{""bl_comparison"": -0.129825758515, ""general_message"": -0.921873603185, ""invoice_query"": 2.465019777672, ""new_si_request"": -0.381007786514, ""spam"": -1.032312629458}"
logistic_regression,email_105,4,bl_comparison,bl_comparison,1.810667623722,"{""bl_comparison"": 1.960724430508, ""general_message"": -0.861374764271, ""invoice_query"": 0.150056806786, ""new_si_request"": -0.198380875125, ""spam"": -1.051025597899}"
logistic_regression,email_106,3,new_si_request,new_si_request,1.977531044102,"{""bl_comparison"": 0.152055665197, ""general_message"": -0.956428959928, ""invoice_query"": -0.282108407241, ""new_si_request"": 2.129586709299, ""spam"": -1.043105007326}"
logistic_regression,email_107,5,bl_comparison,bl_comparison,2.249579061694,"{""bl_comparison"": 2.218877205444, ""general_message"": -0.867135196055, ""invoice_query"": -0.03070185625, ""new_si_request"": -0.35941617716, ""spam"": -0.961623975979}"
logistic_regression,email_108,2,invoice_query,invoice_query,1.597748456328,"{""bl_comparison"": 0.1659556735, ""general_message"": -0.657708412316, ""invoice_query"": 1.763704129828, ""new_si_request"": -0.385578953682, ""spam"": -0.88637243733}"
logistic_regression,email_109,5,bl_comparison,bl_comparison,2.784666924148,"{""bl_comparison"": 2.568706210025, ""general_message"": -1.013085692548, ""invoice_query"": -0.215960714123, ""new_si_request"": -0.403166913111, ""spam"": -0.936492890243}"
logistic_regression,email_110,4,new_si_request,new_si_request,1.806622812875,"{""bl_comparison"": 0.199091076305, ""general_message"": -0.925011313188, ""invoice_query"": -0.280454813804, ""new_si_request"": 2.00571388918, ""spam"": -0.999338838493}"
logistic_regression,email_111,1,bl_comparison,bl_comparison,2.320473527142,"{""bl_comparison"": 2.319088315132, ""general_message"": -0.893871484325, ""invoice_query"": -0.00138521201, ""new_si_request"": -0.377375702668, ""spam"": -1.046455916129}"
logistic_regression,email_112,1,invoice_query,invoice_query,3.184044919283,"{""bl_comparison"": -0.323738110642, ""general_message"": -0.899246670495, ""invoice_query"": 2.860306808641, ""new_si_request"": -0.573191508011, ""spam"": -1.064130519493}"
logistic_regression,email_113,3,bl_comparison,bl_comparison,3.113186599303,"{""bl_comparison"": 2.780401694402, ""general_message"": -0.983163876882, ""invoice_query"": -0.332784904901, ""new_si_request"": -0.409119953776, ""spam"": -1.055332958843}"
logistic_regression,email_114,5,bl_comparison,bl_comparison,1.974725770429,"{""bl_comparison"": 2.040336885945, ""general_message"": -0.796544131002, ""invoice_query"": 0.065611115516, ""new_si_request"": -0.184283745047, ""spam"": -1.125120125412}"
logistic_regression,email_115,3,invoice_query,invoice_query,3.591246957649,"{""bl_comparison"": -0.442251183437, ""general_message"": -0.842731082943, ""invoice_query"": 3.148995774212, ""new_si_request"": -0.763062435513, ""spam"": -1.100951072319}"
logistic_regression,email_116,2,spam,spam,2.440760110236,"{""bl_comparison"": -0.338612752379, ""general_message"": -0.436453288708, ""invoice_query"": -0.668770401195, ""new_si_request"": -0.658310915575, ""spam"": 2.102147357857}"
logistic_regression,email_117,4,general_message,general_message,2.819311860212,"{""bl_comparison"": -0.432388085017, ""general_message"": 2.386923775195, ""invoice_query"": -0.656612479512, ""new_si_request"": -0.754015682689, ""spam"": -0.543907527977}"
logistic_regression,email_118,3,bl_comparison,bl_comparison,2.653651985734,"{""bl_comparison"": 2.481158964233, ""general_message"": -0.991174371797, ""invoice_query"": -0.226093004922, ""new_si_request"": -0.172493021501, ""spam"": -1.091398566012}"
logistic_regression,email_119,2,bl_comparison,bl_comparison,2.675301067302,"{""bl_comparison"": 2.628501166733, ""general_message"": -1.113575247006, ""invoice_query"": -0.046799900569, ""new_si_request"": -0.298507544755, ""spam"": -1.169618474403}"
logistic_regression,email_120,2,new_si_request,new_si_request,2.736378635007,"{""bl_comparison"": -0.234669294507, ""general_message"": -0.839768508729, ""invoice_query"": -0.5235891718, ""new_si_request"": 2.5017093405, ""spam"": -0.903682365464}"
logistic_regression,email_121,2,bl_comparison,bl_comparison,2.931268234343,"{""bl_comparison"": 2.767179990044, ""general_message"": -1.135897767504, ""invoice_query"": -0.164088244299, ""new_si_request"": -0.282784828731, ""spam"": -1.18440914951}"
logistic_regression,email_122,3,new_si_request,new_si_request,2.284819697229,"{""bl_comparison"": -0.012757219118, ""general_message"": -0.779608520119, ""invoice_query"": -0.533099263812, ""new_si_request"": 2.272062478111, ""spam"": -0.946597475062}"
logistic_regression,email_123,4,spam,spam,3.246474201139,"{""bl_comparison"": -0.519606150312, ""general_message"": -0.576089821244, ""invoice_query"": -0.83124292941, ""new_si_request"": -0.799929149861, ""spam"": 2.726868050827}"
logistic_regression,email_124,4,new_si_request,new_si_request,2.169901895734,"{""bl_comparison"": 0.043951593987, ""general_message"": -0.892929933071, ""invoice_query"": -0.371191523204, ""new_si_request"": 2.213853489721, ""spam"": -0.993683627433}"
logistic_regression,email_125,4,new_si_request,new_si_request,2.774429541049,"{""bl_comparison"": -0.254571116354, ""general_message"": -0.793941670328, ""invoice_query"": -0.566276114101, ""new_si_request"": 2.519858424695, ""spam"": -0.905069523912}"
logistic_regression,email_126,1,general_message,general_message,3.030221811208,"{""bl_comparison"": -0.421755671085, ""general_message"": 2.608466140123, ""invoice_query"": -0.699601138502, ""new_si_request"": -0.732074574856, ""spam"": -0.75503475568}"
logistic_regression,email_127,2,new_si_request,new_si_request,2.347667709159,"{""bl_comparison"": 0.117450303265, ""general_message"": -0.968974975973, ""invoice_query"": -0.548412244787, ""new_si_request"": 2.465118012424, ""spam"": -1.065181094929}"
logistic_regression,email_128,5,bl_comparison,bl_comparison,2.426298956797,"{""bl_comparison"": 2.496382787564, ""general_message"": -1.020345626861, ""invoice_query"": 0.070083830767, ""new_si_request"": -0.424904073753, ""spam"": -1.121216917718}"
logistic_regression,email_129,2,bl_comparison,bl_comparison,3.291645737663,"{""bl_comparison"": 2.917143122464, ""general_message"": -1.093413728378, ""invoice_query"": -0.374502615199, ""new_si_request"": -0.37707278811, ""spam"": -1.072153990777}"
logistic_regression,email_130,1,new_si_request,new_si_request,1.68439766768,"{""bl_comparison"": 0.317298579016, ""general_message"": -1.051237355959, ""invoice_query"": -0.127662762672, ""new_si_request"": 2.001696246696, ""spam"": -1.140094707081}"
logistic_regression,email_131,1,new_si_request,new_si_request,3.28609613701,"{""bl_comparison"": -0.367125666428, ""general_message"": -0.92833582759, ""invoice_query"": -0.600656279954, ""new_si_request"": 2.918970470582, ""spam"": -1.02285269661}"
logistic_regression,email_132,2,bl_comparison,bl_comparison,2.331633643012,"{""bl_comparison"": 2.2542921498, ""general_message"": -0.880816461615, ""invoice_query"": -0.077341493212, ""new_si_request"": -0.299171729371, ""spam"": -0.996962465602}"
logistic_regression,email_133,4,bl_comparison,bl_comparison,2.396046877185,"{""bl_comparison"": 2.287981359042, ""general_message"": -0.841849018139, ""invoice_query"": -0.108065518143, ""new_si_request"": -0.319068306903, ""spam"": -1.018998515858}"
logistic_regression,email_134,2,spam,spam,2.589290018371,"{""bl_comparison"": -0.359175328561, ""general_message"": -0.463375320618, ""invoice_query"": -0.712447139265, ""new_si_request"": -0.695116901366, ""spam"": 2.23011468981}"
logistic_regression,email_135,3,new_si_request,new_si_request,2.349927099081,"{""bl_comparison"": 0.038340895947, ""general_message"": -0.889299707987, ""invoice_query"": -0.535003987196, ""new_si_request"": 2.388267995028, ""spam"": -1.002305195791}"
logistic_regression,email_136,1,bl_comparison,bl_comparison,3.039701275755,"{""bl_comparison"": 2.749632509004, ""general_message"": -1.022111988358, ""invoice_query"": -0.290068766751, ""new_si_request"": -0.354999648952, ""spam"": -1.082452104943}"
logistic_regression,email_137,2,new_si_request,new_si_request,3.075719452453,"{""bl_comparison"": -0.351119785037, ""general_message"": -0.793983270506, ""invoice_query"": -0.633152250838, ""new_si_request"": 2.724599667416, ""spam"": -0.946344361035}"
logistic_regression,email_138,4,new_si_request,new_si_request,2.425320767256,"{""bl_comparison"": -0.104061921054, ""general_message"": -0.839988592307, ""invoice_query"": -0.434898764166, ""new_si_request"": 2.321258846202, ""spam"": -0.942309568674}"
logistic_regression,email_139,1,invoice_query,invoice_query,3.327405989007,"{""bl_comparison"": -0.323736574048, ""general_message"": -0.912950316724, ""invoice_query"": 3.003669414959, ""new_si_request"": -0.645426344207, ""spam"": -1.12155617998}"
logistic_regression,email_140,4,spam,spam,2.143779033792,"{""bl_comparison"": -0.248530598632, ""general_message"": -0.296080848984, ""invoice_query"": -0.659797182513, ""new_si_request"": -0.690839805031, ""spam"": 1.89524843516}"
logistic_regression,email_141,5,bl_comparison,bl_comparison,2.751959986243,"{""bl_comparison"": 2.633130118962, ""general_message"": -1.051556495251, ""invoice_query"": -0.118829867281, ""new_si_request"": -0.427656861699, ""spam"": -1.035086894731}"
logistic_regression,email_142,4,general_message,general_message,1.725761393924,"{""bl_comparison"": -0.195251561785, ""general_message"": 1.530509832139, ""invoice_query"": -0.429520325636, ""new_si_request"": -0.522266542933, ""spam"": -0.383471401785}"
logistic_regression,email_143,1,bl_comparison,bl_comparison,2.988704586516,"{""bl_comparison"": 2.757419959119, ""general_message"": -1.013167376259, ""invoice_query"": -0.231284627397, ""new_si_request"": -0.420500920749, ""spam"": -1.092467034713}"
logistic_regression,email_144,5,bl_comparison,bl_comparison,2.572624037521,"{""bl_comparison"": 2.620161297827, ""general_message"": -1.050388057964, ""invoice_query"": 0.047537260306, ""new_si_request"": -0.47984545411, ""spam"": -1.137465046059}"
logistic_regression,email_145,2,bl_comparison,bl_comparison,2.790526770659,"{""bl_comparison"": 2.67055875703, ""general_message"": -1.131486820255, ""invoice_query"": -0.119968013629, ""new_si_request"": -0.235659908442, ""spam"": -1.183444014705}"
logistic_regression,email_146,1,bl_comparison,bl_comparison,2.880141068392,"{""bl_comparison"": 2.681228142076, ""general_message"": -0.973842489369, ""invoice_query"": -0.198912926316, ""new_si_request"": -0.375139873778, ""spam"": -1.133332852613}"
logistic_regression,email_147,3,general_message,general_message,3.050974591387,"{""bl_comparison"": -0.421536343423, ""general_message"": 2.629438247964, ""invoice_query"": -0.673568768231, ""new_si_request"": -0.847174152435, ""spam"": -0.687158983874}"
logistic_regression,email_148,1,new_si_request,new_si_request,1.966145420188,"{""bl_comparison"": 0.002644350086, ""general_message"": -0.761384051963, ""invoice_query"": -0.333940830168, ""new_si_request"": 1.968789770274, ""spam"": -0.87610923823}"
logistic_regression,email_149,3,new_si_request,new_si_request,3.196909605951,"{""bl_comparison"": -0.377246605877, ""general_message"": -0.871073638137, ""invoice_query"": -0.610253798597, ""new_si_request"": 2.819663000074, ""spam"": -0.961088957463}"
logistic_regression,email_150,3,spam,spam,2.77050230115,"{""bl_comparison"": -0.454460882206, ""general_message"": -0.391506418593, ""invoice_query"": -0.739314298824, ""new_si_request"": -0.793714282934, ""spam"": 2.378995882557}"
logistic_regression,email_151,2,new_si_request,new_si_request,1.858468135269,"{""bl_comparison"": 0.036212843004, ""general_message"": -0.750890244132, ""invoice_query"": -0.349682334124, ""new_si_request"": 1.894680978273, ""spam"": -0.830321243022}"
logistic_regression,email_152,3,bl_comparison,bl_comparison,2.732154099376,"{""bl_comparison"": 2.480076301577, ""general_message"": -0.994235460476, ""invoice_query"": -0.252077797799, ""new_si_request"": -0.293877783658, ""spam"": -0.939885259644}"
logistic_regression,email_153,2,general_message,general_message,2.655237771412,"{""bl_comparison"": -0.375584318327, ""general_message"": 2.279653453085, ""invoice_query"": -0.530493467076, ""new_si_request"": -0.762568809189, ""spam"": -0.611006858494}"
logistic_regression,email_154,2,new_si_request,new_si_request,3.366183086687,"{""bl_comparison"": -0.425382460787, ""general_message"": -0.89488299584, ""invoice_query"": -0.621954670554, ""new_si_request"": 2.9408006259, ""spam"": -0.998580498718}"
logistic_regression,email_155,4,invoice_query,invoice_query,2.793608545711,"{""bl_comparison"": -0.159400037682, ""general_message"": -0.943843267623, ""invoice_query"": 2.634208508029, ""new_si_request"": -0.46835743669, ""spam"": -1.062607766034}"
logistic_regression,email_156,4,spam,spam,2.143779033792,"{""bl_comparison"": -0.248530598632, ""general_message"": -0.296080848984, ""invoice_query"": -0.659797182513, ""new_si_request"": -0.690839805031, ""spam"": 1.89524843516}"
logistic_regression,email_157,5,new_si_request,new_si_request,2.145117834986,"{""bl_comparison"": 0.068829905618, ""general_message"": -0.89648757644, ""invoice_query"": -0.460623180843, ""new_si_request"": 2.213947740604, ""spam"": -0.925666888939}"
logistic_regression,email_158,3,bl_comparison,bl_comparison,1.520702671517,"{""bl_comparison"": 1.756574147443, ""general_message"": -0.824508071826, ""invoice_query"": 0.235871475926, ""new_si_request"": -0.197139685329, ""spam"": -0.970797866214}"
logistic_regression,email_159,5,general_message,general_message,3.386535173258,"{""bl_comparison"": -0.522339639451, ""general_message"": 2.864195533807, ""invoice_query"": -0.668498955874, ""new_si_request"": -0.876971720869, ""spam"": -0.796385217613}"
logistic_regression,email_160,5,bl_comparison,bl_comparison,2.561395087344,"{""bl_comparison"": 2.424538499873, ""general_message"": -1.034915290673, ""invoice_query"": -0.136856587471, ""new_si_request"": -0.208481518506, ""spam"": -1.044285103222}"
logistic_regression,email_161,3,bl_comparison,bl_comparison,1.798616688939,"{""bl_comparison"": 2.019484780966, ""general_message"": -1.026534909066, ""invoice_query"": 0.220868092027, ""new_si_request"": -0.146999931351, ""spam"": -1.066818032576}"
logistic_regression,email_162,2,new_si_request,new_si_request,2.79057030485,"{""bl_comparison"": -0.258257742349, ""general_message"": -0.836435152749, ""invoice_query"": -0.506503826117, ""new_si_request"": 2.532312562501, ""spam"": -0.931115841286}"
logistic_regression,email_163,4,new_si_request,new_si_request,2.495596410858,"{""bl_comparison"": -0.003135469442, ""general_message"": -0.974705274983, ""invoice_query"": -0.437709970215, ""new_si_request"": 2.492460941416, ""spam"": -1.076910226777}"
logistic_regression,email_164,5,new_si_request,new_si_request,1.980983621979,"{""bl_comparison"": -0.015370899219, ""general_message"": -0.795384116273, ""invoice_query"": -0.266104167705, ""new_si_request"": 1.96561272276, ""spam"": -0.888753539563}"
logistic_regression,email_165,3,invoice_query,invoice_query,1.592282186083,"{""bl_comparison"": 0.451781659339, ""general_message"": -0.916862557311, ""invoice_query"": 2.044063845422, ""new_si_request"": -0.454860416274, ""spam"": -1.124122531176}"
logistic_regression,email_166,4,new_si_request,new_si_request,2.585398072591,"{""bl_comparison"": -0.011868257908, ""general_message"": -0.98823968655, ""invoice_query"": -0.446313451021, ""new_si_request"": 2.573529814683, ""spam"": -1.127108419204}"
logistic_regression,email_167,4,bl_comparison,bl_comparison,2.594760342828,"{""bl_comparison"": 2.480223538414, ""general_message"": -1.006128146065, ""invoice_query"": -0.114536804414, ""new_si_request"": -0.276498163043, ""spam"": -1.083060424891}"
logistic_regression,email_168,3,new_si_request,new_si_request,2.891865002115,"{""bl_comparison"": -0.337089079219, ""general_message"": -0.795966806926, ""invoice_query"": -0.481029335362, ""new_si_request"": 2.554775922896, ""spam"": -0.940690701389}"
logistic_regression,email_169,3,invoice_query,invoice_query,2.182664129764,"{""bl_comparison"": 0.196235455598, ""general_message"": -0.93485926365, ""invoice_query"": 2.378899585362, ""new_si_request"": -0.509024843745, ""spam"": -1.131250933563}"
logistic_regression,email_170,5,invoice_query,invoice_query,3.505006845565,"{""bl_comparison"": -0.40059634557, ""general_message"": -0.876849850975, ""invoice_query"": 3.104410499995, ""new_si_request"": -0.787114281752, ""spam"": -1.039850021699}"
logistic_regression,email_171,5,bl_comparison,bl_comparison,2.63506521612,"{""bl_comparison"": 2.435601895166, ""general_message"": -0.983301953033, ""invoice_query"": -0.199463320954, ""new_si_request"": -0.292423633194, ""spam"": -0.960412987985}"
logistic_regression,email_172,2,new_si_request,new_si_request,2.537291912678,"{""bl_comparison"": -0.015277532696, ""general_message"": -0.962371801698, ""invoice_query"": -0.478506337339, ""new_si_request"": 2.522014379982, ""spam"": -1.06585870825}"
logistic_regression,email_173,1,general_message,general_message,3.13575690624,"{""bl_comparison"": -0.429088992685, ""general_message"": 2.706667913555, ""invoice_query"": -0.697420272408, ""new_si_request"": -0.802905243979, ""spam"": -0.777253404484}"
logistic_regression,email_174,1,bl_comparison,bl_comparison,2.639374986221,"{""bl_comparison"": 2.604737034506, ""general_message"": -1.010043016318, ""invoice_query"": -0.034637951715, ""new_si_request"": -0.425200530281, ""spam"": -1.134855536193}"
logistic_regression,email_175,4,bl_comparison,bl_comparison,2.876467741963,"{""bl_comparison"": 2.670097157827, ""general_message"": -1.006009897521, ""invoice_query"": -0.206370584136, ""new_si_request"": -0.363623555149, ""spam"": -1.094093121022}"
logistic_regression,email_176,3,bl_comparison,bl_comparison,1.990756118941,"{""bl_comparison"": 2.016463007994, ""general_message"": -0.767411234943, ""invoice_query"": 0.025706889053, ""new_si_request"": -0.234680172911, ""spam"": -1.040078489193}"
logistic_regression,email_177,2,new_si_request,new_si_request,2.587614609914,"{""bl_comparison"": -0.18995468563, ""general_message"": -0.793060372704, ""invoice_query"": -0.589383613729, ""new_si_request"": 2.397659924284, ""spam"": -0.825261252222}"
logistic_regression,email_178,4,bl_comparison,bl_comparison,2.717661443197,"{""bl_comparison"": 2.513406336707, ""general_message"": -0.99485302169, ""invoice_query"": -0.260901632049, ""new_si_request"": -0.20425510649, ""spam"": -1.053396576478}"
logistic_regression,email_179,4,invoice_query,invoice_query,2.295847484011,"{""bl_comparison"": 0.252051680074, ""general_message"": -0.997145336806, ""invoice_query"": 2.547899164085, ""new_si_request"": -0.583043752034, ""spam"": -1.219761755319}"
logistic_regression,email_180,3,spam,spam,2.574998305375,"{""bl_comparison"": -0.403439374787, ""general_message"": -0.392496129805, ""invoice_query"": -0.694296995065, ""new_si_request"": -0.692269675913, ""spam"": 2.18250217557}"
logistic_regression,email_181,1,new_si_request,new_si_request,2.237500049125,"{""bl_comparison"": 0.120069157948, ""general_message"": -0.886992691598, ""invoice_query"": -0.54445024517, ""new_si_request"": 2.357569207073, ""spam"": -1.046195428253}"
logistic_regression,email_182,2,bl_comparison,bl_comparison,2.379374813529,"{""bl_comparison"": 2.30347720805, ""general_message"": -0.800411199272, ""invoice_query"": -0.075897605479, ""new_si_request"": -0.371866674756, ""spam"": -1.055301728543}"
logistic_regression,email_183,4,new_si_request,new_si_request,2.782515071153,"{""bl_comparison"": -0.281968475193, ""general_message"": -0.79850367622, ""invoice_query"": -0.506408652917, ""new_si_request"": 2.50054659596, ""spam"": -0.913665791631}"
logistic_regression,email_184,1,spam,spam,2.615915501687,"{""bl_comparison"": -0.406381148993, ""general_message"": -0.362019310207, ""invoice_query"": -0.716005827028, ""new_si_request"": -0.769489905252, ""spam"": 2.25389619148}"
logistic_regression,email_185,3,general_message,general_message,2.302324181184,"{""bl_comparison"": -0.318147825875, ""general_message"": 1.984176355309, ""invoice_query"": -0.474205593685, ""new_si_request"": -0.708078926246, ""spam"": -0.483744009502}"
logistic_regression,email_186,4,bl_comparison,bl_comparison,2.646086893828,"{""bl_comparison"": 2.537094290775, ""general_message"": -1.038890099597, ""invoice_query"": -0.108992603053, ""new_si_request"": -0.309915876189, ""spam"": -1.079295711936}"
logistic_regression,email_187,2,bl_comparison,bl_comparison,1.99121986864,"{""bl_comparison"": 2.180800016418, ""general_message"": -1.021634453249, ""invoice_query"": 0.189580147778, ""new_si_request"": -0.244377834761, ""spam"": -1.104367876187}"
logistic_regression,email_188,3,spam,spam,2.642475279782,"{""bl_comparison"": -0.410110928986, ""general_message"": -0.411033940988, ""invoice_query"": -0.674997002063, ""new_si_request"": -0.736222478759, ""spam"": 2.232364350796}"
logistic_regression,email_189,3,bl_comparison,bl_comparison,2.069867551701,"{""bl_comparison"": 2.200769584894, ""general_message"": -1.083619929643, ""invoice_query"": 0.130902033193, ""new_si_request"": -0.088523965393, ""spam"": -1.159527723051}"
logistic_regression,email_190,2,bl_comparison,bl_comparison,2.079554578631,"{""bl_comparison"": 2.11285308327, ""general_message"": -0.894497311602, ""invoice_query"": 0.033298504639, ""new_si_request"": -0.141580422348, ""spam"": -1.11007385396}"
logistic_regression,email_191,1,invoice_query,invoice_query,0.752271292453,"{""bl_comparison"": 0.636075820205, ""general_message"": -0.851538785825, ""invoice_query"": 1.388347112658, ""new_si_request"": -0.142901113224, ""spam"": -1.029983033813}"
logistic_regression,email_192,3,new_si_request,new_si_request,2.08543084176,"{""bl_comparison"": 0.139880998546, ""general_message"": -0.917612305069, ""invoice_query"": -0.449854533611, ""new_si_request"": 2.225311840306, ""spam"": -0.997726000172}"
logistic_regression,email_193,1,new_si_request,new_si_request,2.089444909084,"{""bl_comparison"": 0.202556343284, ""general_message"": -1.065390541213, ""invoice_query"": -0.287720270548, ""new_si_request"": 2.292001252368, ""spam"": -1.14144678389}"
logistic_regression,email_194,1,general_message,general_message,2.964526503564,"{""bl_comparison"": -0.49355793368, ""general_message"": 2.470968569884, ""invoice_query"": -0.713547946729, ""new_si_request"": -0.74545095278, ""spam"": -0.518411736695}"
logistic_regression,email_195,3,bl_comparison,bl_comparison,1.794634471839,"{""bl_comparison"": 1.903638963515, ""general_message"": -0.556032988448, ""invoice_query"": 0.109004491676, ""new_si_request"": -0.372446866506, ""spam"": -1.084163600237}"
logistic_regression,email_196,1,new_si_request,new_si_request,3.243259535873,"{""bl_comparison"": -0.347509374583, ""general_message"": -0.917598368726, ""invoice_query"": -0.560889799944, ""new_si_request"": 2.89575016129, ""spam"": -1.069752618036}"
logistic_regression,email_197,3,bl_comparison,bl_comparison,2.654466085158,"{""bl_comparison"": 2.410250246705, ""general_message"": -0.752805730937, ""invoice_query"": -0.244215838453, ""new_si_request"": -0.335431950473, ""spam"": -1.077796726843}"
logistic_regression,email_198,1,bl_comparison,bl_comparison,2.713141011338,"{""bl_comparison"": 2.592368230213, ""general_message"": -1.029234558104, ""invoice_query"": -0.120772781125, ""new_si_request"": -0.249478471469, ""spam"": -1.192882419516}"
logistic_regression,email_199,5,bl_comparison,bl_comparison,2.843378631653,"{""bl_comparison"": 2.575235491348, ""general_message"": -0.978778225172, ""invoice_query"": -0.268143140305, ""new_si_request"": -0.402915987767, ""spam"": -0.925398138103}"
logistic_regression,email_200,4,general_message,general_message,2.993274794937,"{""bl_comparison"": -0.400464715344, ""general_message"": 2.592810079593, ""invoice_query"": -0.67133748947, ""new_si_request"": -0.765928941968, ""spam"": -0.75507893281}"
logistic_regression,email_201,5,new_si_request,new_si_request,2.908009332277,"{""bl_comparison"": -0.239090399721, ""general_message"": -0.877792091721, ""invoice_query"": -0.570513154295, ""new_si_request"": 2.668918932556, ""spam"": -0.981523286819}"
logistic_regression,email_202,3,new_si_request,new_si_request,2.950661108283,"{""bl_comparison"": -0.270645009103, ""general_message"": -0.890619638741, ""invoice_query"": -0.481972865508, ""new_si_request"": 2.68001609918, ""spam"": -1.036778585828}"
logistic_regression,email_203,3,invoice_query,invoice_query,3.426182525096,"{""bl_comparison"": -0.412671657012, ""general_message"": -0.809343007113, ""invoice_query"": 3.013510868084, ""new_si_request"": -0.735143838773, ""spam"": -1.056352365186}"
logistic_regression,email_204,1,spam,spam,2.927285434777,"{""bl_comparison"": -0.415969334924, ""general_message"": -0.513537831107, ""invoice_query"": -0.82223837681, ""new_si_request"": -0.759570557012, ""spam"": 2.511316099853}"
logistic_regression,email_205,2,new_si_request,new_si_request,2.512498831903,"{""bl_comparison"": 0.07969524259, ""general_message"": -1.00352398185, ""invoice_query"": -0.561361366353, ""new_si_request"": 2.592194074493, ""spam"": -1.10700396888}"
logistic_regression,email_206,2,spam,spam,3.103410085909,"{""bl_comparison"": -0.475425702597, ""general_message"": -0.487187071697, ""invoice_query"": -0.849633937473, ""new_si_request"": -0.815737671545, ""spam"": 2.627984383312}"
logistic_regression,email_207,2,bl_comparison,bl_comparison,1.76095766576,"{""bl_comparison"": 2.013330567395, ""general_message"": -0.969565607266, ""invoice_query"": 0.252372901635, ""new_si_request"": -0.168357328596, ""spam"": -1.127780533168}"
logistic_regression,email_208,1,bl_comparison,bl_comparison,2.131393784109,"{""bl_comparison"": 2.011793155482, ""general_message"": -0.804873947145, ""invoice_query"": -0.119600628627, ""new_si_request"": -0.17916579713, ""spam"": -0.908152782579}"
logistic_regression,email_209,2,new_si_request,new_si_request,2.837256340704,"{""bl_comparison"": -0.255531001054, ""general_message"": -0.831884827671, ""invoice_query"": -0.508119730551, ""new_si_request"": 2.58172533965, ""spam"": -0.986189780375}"
logistic_regression,email_210,2,bl_comparison,bl_comparison,1.922154831334,"{""bl_comparison"": 2.067721380669, ""general_message"": -0.911858934755, ""invoice_query"": 0.145566549335, ""new_si_request"": -0.252050410322, ""spam"": -1.049378584927}"
logistic_regression,email_211,1,invoice_query,invoice_query,2.197297912773,"{""bl_comparison"": 0.200942858, ""general_message"": -0.954435272374, ""invoice_query"": 2.398240770773, ""new_si_request"": -0.533605988647, ""spam"": -1.111142367752}"
logistic_regression,email_212,4,invoice_query,invoice_query,3.252996128553,"{""bl_comparison"": -0.374550375664, ""general_message"": -0.92055933239, ""invoice_query"": 2.878445752889, ""new_si_request"": -0.525605622051, ""spam"": -1.057730422784}"
logistic_regression,email_213,2,general_message,general_message,2.331712358922,"{""bl_comparison"": -0.300488394855, ""general_message"": 2.031223964067, ""invoice_query"": -0.519318266228, ""new_si_request"": -0.73199849989, ""spam"": -0.479418803094}"
logistic_regression,email_214,2,new_si_request,new_si_request,2.848893854551,"{""bl_comparison"": -0.180073846042, ""general_message"": -1.037289619286, ""invoice_query"": -0.343189974573, ""new_si_request"": 2.668820008509, ""spam"": -1.108266568608}"
logistic_regression,email_215,1,spam,spam,2.32219072391,"{""bl_comparison"": -0.306348344533, ""general_message"": -0.369889382041, ""invoice_query"": -0.689754564719, ""new_si_request"": -0.649850088084, ""spam"": 2.015842379377}"
logistic_regression,email_216,1,invoice_query,invoice_query,2.151259034348,"{""bl_comparison"": 0.205987583513, ""general_message"": -0.896823877295, ""invoice_query"": 2.357246617861, ""new_si_request"": -0.534708494921, ""spam"": -1.131701829159}"
logistic_regression,email_217,4,new_si_request,new_si_request,2.531674329749,"{""bl_comparison"": -0.213605983261, ""general_message"": -0.778527648275, ""invoice_query"": -0.447930545245, ""new_si_request"": 2.318068346488, ""spam"": -0.878004169707}"
logistic_regression,email_218,2,general_message,general_message,2.618094876048,"{""bl_comparison"": -0.359073429923, ""general_message"": 2.259021446125, ""invoice_query"": -0.609580382108, ""new_si_request"": -0.63879275135, ""spam"": -0.651574882744}"
logistic_regression,email_219,2,general_message,general_message,3.000554239252,"{""bl_comparison"": -0.541999616526, ""general_message"": 2.51026414923, ""invoice_query"": -0.726212963026, ""new_si_request"": -0.751761479656, ""spam"": -0.490290090022}"
logistic_regression,email_220,3,bl_comparison,bl_comparison,2.071561765563,"{""bl_comparison"": 2.066555811649, ""general_message"": -0.91510282558, ""invoice_query"": -0.005005953914, ""new_si_request"": -0.10137111089, ""spam"": -1.045075921265}"
logistic_regression,email_221,4,new_si_request,new_si_request,2.383863171599,"{""bl_comparison"": 0.020583686019, ""general_message"": -0.920941057794, ""invoice_query"": -0.443101642609, ""new_si_request"": 2.404446857618, ""spam"": -1.060987843234}"
logistic_regression,email_222,5,spam,spam,2.942201607069,"{""bl_comparison"": -0.5222090431, ""general_message"": -0.436382918045, ""invoice_query"": -0.760999638752, ""new_si_request"": -0.786227089127, ""spam"": 2.505818689024}"
logistic_regression,email_223,3,bl_comparison,bl_comparison,2.26212197166,"{""bl_comparison"": 2.267387591845, ""general_message"": -0.984609757729, ""invoice_query"": 0.005265620185, ""new_si_request"": -0.223322054492, ""spam"": -1.064721399809}"
logistic_regression,email_224,5,invoice_query,invoice_query,1.62241195426,"{""bl_comparison"": 0.393462898078, ""general_message"": -0.807544883493, ""invoice_query"": 2.015874852338, ""new_si_request"": -0.49220650711, ""spam"": -1.109586359812}"
logistic_regression,email_225,3,bl_comparison,bl_comparison,2.237675223171,"{""bl_comparison"": 2.230970471483, ""general_message"": -0.933887760942, ""invoice_query"": -0.006704751688, ""new_si_request"": -0.273058650906, ""spam"": -1.017319307947}"
logistic_regression,email_226,1,spam,spam,2.361848580878,"{""bl_comparison"": -0.342925246356, ""general_message"": -0.345049238411, ""invoice_query"": -0.67340612028, ""new_si_request"": -0.657542729475, ""spam"": 2.018923334522}"
logistic_regression,email_227,1,bl_comparison,bl_comparison,3.088886308464,"{""bl_comparison"": 2.736726325003, ""general_message"": -0.898782854753, ""invoice_query"": -0.41962702447, ""new_si_request"": -0.352159983461, ""spam"": -1.066156462318}"
logistic_regression,email_228,1,new_si_request,new_si_request,3.378404327821,"{""bl_comparison"": -0.479076434101, ""general_message"": -0.83163627355, ""invoice_query"": -0.593347430494, ""new_si_request"": 2.89932789372, ""spam"": -0.995267755575}"
logistic_regression,email_229,5,bl_comparison,bl_comparison,1.964416649401,"{""bl_comparison"": 2.20211649359, ""general_message"": -0.932053140713, ""invoice_query"": 0.237699844189, ""new_si_request"": -0.372656028685, ""spam"": -1.135107168381}"
logistic_regression,email_230,3,general_message,general_message,1.815587411662,"{""bl_comparison"": -0.182901094736, ""general_message"": 1.632686316926, ""invoice_query"": -0.579128315342, ""new_si_request"": -0.582176217667, ""spam"": -0.288480689181}"
logistic_regression,email_231,2,spam,spam,3.103410085909,"{""bl_comparison"": -0.475425702597, ""general_message"": -0.487187071697, ""invoice_query"": -0.849633937473, ""new_si_request"": -0.815737671545, ""spam"": 2.627984383312}"
logistic_regression,email_232,2,general_message,general_message,3.009224656478,"{""bl_comparison"": -0.500739529379, ""general_message"": 2.508485127099, ""invoice_query"": -0.710691907816, ""new_si_request"": -0.75898616863, ""spam"": -0.538067521273}"
logistic_regression,email_233,3,new_si_request,new_si_request,2.536328786951,"{""bl_comparison"": -0.126949190877, ""general_message"": -0.920624143985, ""invoice_query"": -0.339775353868, ""new_si_request"": 2.409379596074, ""spam"": -1.022030907343}"
logistic_regression,email_234,3,general_message,general_message,2.314325651552,"{""bl_comparison"": -0.263998620059, ""general_message"": 2.050327031493, ""invoice_query"": -0.67525144766, ""new_si_request"": -0.622299429523, ""spam"": -0.48877753425}"
logistic_regression,email_235,1,bl_comparison,bl_comparison,2.752830307202,"{""bl_comparison"": 2.642462831324, ""general_message"": -1.098510236679, ""invoice_query"": -0.110367475878, ""new_si_request"": -0.204898326573, ""spam"": -1.228686792195}"
logistic_regression,email_236,4,invoice_query,invoice_query,2.361893769632,"{""bl_comparison"": -0.051549052236, ""general_message"": -0.74663808512, ""invoice_query"": 2.310344717396, ""new_si_request"": -0.513068012825, ""spam"": -0.999089567216}"
logistic_regression,email_237,1,bl_comparison,bl_comparison,2.942196948325,"{""bl_comparison"": 2.685094803678, ""general_message"": -1.065620593266, ""invoice_query"": -0.257102144647, ""new_si_request"": -0.388165406097, ""spam"": -0.974206659668}"
logistic_regression,email_238,5,general_message,general_message,3.039815816625,"{""bl_comparison"": -0.41464973236, ""general_message"": 2.625166084265, ""invoice_query"": -0.699211259584, ""new_si_request"": -0.775321096391, ""spam"": -0.73598399593}"
logistic_regression,email_239,2,bl_comparison,bl_comparison,2.416433371707,"{""bl_comparison"": 2.322254274938, ""general_message"": -0.893245230976, ""invoice_query"": -0.094179096769, ""new_si_request"": -0.333768174455, ""spam"": -1.001061772737}"
logistic_regression,email_240,1,new_si_request,new_si_request,2.322432164697,"{""bl_comparison"": -0.019805269874, ""general_message"": -1.015932921266, ""invoice_query"": -0.166605065057, ""new_si_request"": 2.302626894823, ""spam"": -1.100283638627}"
logistic_regression,email_241,3,general_message,general_message,2.554527795559,"{""bl_comparison"": -0.418103095601, ""general_message"": 2.136424699958, ""invoice_query"": -0.501875483801, ""new_si_request"": -0.687323197554, ""spam"": -0.529122923002}"
logistic_regression,email_242,4,bl_comparison,bl_comparison,2.928849732465,"{""bl_comparison"": 2.719406079385, ""general_message"": -1.091566733859, ""invoice_query"": -0.20944365308, ""new_si_request"": -0.409090603639, ""spam"": -1.009305088807}"
logistic_regression,email_243,4,bl_comparison,bl_comparison,2.161966615195,"{""bl_comparison"": 2.010301390354, ""general_message"": -0.582147519669, ""invoice_query"": -0.151665224841, ""new_si_request"": -0.322078992043, ""spam"": -0.9544096538}"
logistic_regression,email_244,2,new_si_request,new_si_request,2.939170738631,"{""bl_comparison"": -0.254720071575, ""general_message"": -0.834097429906, ""invoice_query"": -0.668138168722, ""new_si_request"": 2.684450667056, ""spam"": -0.927494996853}"
logistic_regression,email_245,1,new_si_request,new_si_request,1.923778649896,"{""bl_comparison"": 0.186086530202, ""general_message"": -0.920953152091, ""invoice_query"": -0.290425749275, ""new_si_request"": 2.109865180098, ""spam"": -1.084572808935}"
logistic_regression,email_246,5,new_si_request,new_si_request,2.561407876607,"{""bl_comparison"": -0.207481352497, ""general_message"": -0.799520066672, ""invoice_query"": -0.4690493696, ""new_si_request"": 2.35392652411, ""spam"": -0.877875735341}"
logistic_regression,email_247,1,bl_comparison,bl_comparison,2.034039441299,"{""bl_comparison"": 2.133742697486, ""general_message"": -0.96562946704, ""invoice_query"": 0.099703256187, ""new_si_request"": -0.174495346628, ""spam"": -1.093321140006}"
logistic_regression,email_248,5,spam,spam,3.305635094387,"{""bl_comparison"": -0.531741234935, ""general_message"": -0.584368269904, ""invoice_query"": -0.823567082661, ""new_si_request"": -0.834217271952, ""spam"": 2.773893859452}"
logistic_regression,email_249,5,bl_comparison,bl_comparison,2.625895054725,"{""bl_comparison"": 2.401800899694, ""general_message"": -0.849377181072, ""invoice_query"": -0.224094155031, ""new_si_request"": -0.263670449555, ""spam"": -1.064659114036}"
logistic_regression,email_250,5,bl_comparison,bl_comparison,2.994386679842,"{""bl_comparison"": 2.724544271311, ""general_message"": -1.025920842122, ""invoice_query"": -0.269842408531, ""new_si_request"": -0.421972959455, ""spam"": -1.006808061204}"
logistic_regression,email_251,1,new_si_request,new_si_request,2.763070327186,"{""bl_comparison"": -0.274175377809, ""general_message"": -0.736675919767, ""invoice_query"": -0.607610354875, ""new_si_request"": 2.488894949377, ""spam"": -0.870433296926}"
logistic_regression,email_252,4,general_message,general_message,3.192386570907,"{""bl_comparison"": -0.543852447695, ""general_message"": 2.648534123212, ""invoice_query"": -0.750428942002, ""new_si_request"": -0.74736956819, ""spam"": -0.606883165325}"
logistic_regression,email_253,2,spam,spam,3.103410085909,"{""bl_comparison"": -0.475425702597, ""general_message"": -0.487187071697, ""invoice_query"": -0.849633937473, ""new_si_request"": -0.815737671545, ""spam"": 2.627984383312}"
logistic_regression,email_254,5,spam,spam,3.305635094387,"{""bl_comparison"": -0.531741234935, ""general_message"": -0.584368269904, ""invoice_query"": -0.823567082661, ""new_si_request"": -0.834217271952, ""spam"": 2.773893859452}"
logistic_regression,email_255,4,general_message,general_message,2.721613577367,"{""bl_comparison"": -0.312806462341, ""general_message"": 2.408807115026, ""invoice_query"": -0.653914855254, ""new_si_request"": -0.785893296221, ""spam"": -0.656192501211}"
logistic_regression,email_256,5,bl_comparison,bl_comparison,2.637692140698,"{""bl_comparison"": 2.590186940253, ""general_message"": -0.958563210171, ""invoice_query"": -0.047505200445, ""new_si_request"": -0.472899476463, ""spam"": -1.111219053174}"
logistic_regression,email_257,2,new_si_request,new_si_request,2.340417657609,"{""bl_comparison"": -0.02697323897, ""general_message"": -0.824641482473, ""invoice_query"": -0.515684566477, ""new_si_request"": 2.313444418639, ""spam"": -0.946145130719}"
logistic_regression,email_258,5,general_message,general_message,2.553552676873,"{""bl_comparison"": -0.330420722922, ""general_message"": 2.223131953951, ""invoice_query"": -0.509067042525, ""new_si_request"": -0.798330818545, ""spam"": -0.585313369959}"
logistic_regression,email_259,4,bl_comparison,bl_comparison,2.072035867189,"{""bl_comparison"": 2.267535329218, ""general_message"": -1.10403008261, ""invoice_query"": 0.195499462029, ""new_si_request"": -0.15604024828, ""spam"": -1.202964460356}"
logistic_regression,email_260,2,new_si_request,new_si_request,2.745187626408,"{""bl_comparison"": -0.168213571617, ""general_message"": -0.852084941917, ""invoice_query"": -0.567004786612, ""new_si_request"": 2.576974054791, ""spam"": -0.989670754646}"
logistic_regression,email_261,1,bl_comparison,bl_comparison,1.860281956802,"{""bl_comparison"": 2.075197282703, ""general_message"": -0.844576615304, ""invoice_query"": 0.214915325901, ""new_si_request"": -0.370612307813, ""spam"": -1.074923685487}"
logistic_regression,email_262,4,invoice_query,invoice_query,3.359774149224,"{""bl_comparison"": -0.359292337178, ""general_message"": -0.796599769903, ""invoice_query"": 3.000481812046, ""new_si_request"": -0.770283866467, ""spam"": -1.074305838499}"
logistic_regression,email_263,5,bl_comparison,bl_comparison,2.061080857027,"{""bl_comparison"": 2.138420405822, ""general_message"": -0.912751463045, ""invoice_query"": 0.077339548795, ""new_si_request"": -0.214484509343, ""spam"": -1.088523982228}"
logistic_regression,email_264,4,new_si_request,new_si_request,3.000119721432,"{""bl_comparison"": -0.329040929206, ""general_message"": -0.865878170213, ""invoice_query"": -0.481843114817, ""new_si_request"": 2.671078792226, ""spam"": -0.994316577989}"
logistic_regression,email_265,3,bl_comparison,bl_comparison,1.915448972113,"{""bl_comparison"": 2.174924846392, ""general_message"": -0.985840652144, ""invoice_query"": 0.259475874279, ""new_si_request"": -0.366132262043, ""spam"": -1.082427806484}"
logistic_regression,email_266,1,general_message,general_message,2.519206955748,"{""bl_comparison"": -0.289609170076, ""general_message"": 2.229597785672, ""invoice_query"": -0.708172718138, ""new_si_request"": -0.700878497734, ""spam"": -0.530937399723}"
logistic_regression,email_267,3,spam,spam,3.520454715447,"{""bl_comparison"": -0.577009528931, ""general_message"": -0.644697992344, ""invoice_query"": -0.897021880965, ""new_si_request"": -0.824715784276, ""spam"": 2.943445186516}"
logistic_regression,email_268,5,invoice_query,invoice_query,2.643964240565,"{""bl_comparison"": -0.163047212336, ""general_message"": -0.686719604245, ""invoice_query"": 2.480917028229, ""new_si_request"": -0.615447856142, ""spam"": -1.015702355506}"
logistic_regression,email_269,4,invoice_query,invoice_query,2.561380263123,"{""bl_comparison"": -0.033512505163, ""general_message"": -0.81011257484, ""invoice_query"": 2.52786775796, ""new_si_request"": -0.606637574331, ""spam"": -1.077605103626}"
logistic_regression,email_270,3,bl_comparison,bl_comparison,2.552380392118,"{""bl_comparison"": 2.428746967376, ""general_message"": -0.99717533601, ""invoice_query"": -0.123633424742, ""new_si_request"": -0.20550927006, ""spam"": -1.102428936565}"
logistic_regression,email_271,2,bl_comparison,bl_comparison,2.044237198836,"{""bl_comparison"": 2.182004722347, ""general_message"": -1.015034572966, ""invoice_query"": 0.137767523511, ""new_si_request"": -0.185673928619, ""spam"": -1.119063744273}"
logistic_regression,email_272,5,invoice_query,invoice_query,3.407610029883,"{""bl_comparison"": -0.377697467183, ""general_message"": -0.811732140721, ""invoice_query"": 3.0299125627, ""new_si_request"": -0.773490224905, ""spam"": -1.066992729891}"
logistic_regression,email_273,1,bl_comparison,bl_comparison,2.833681162929,"{""bl_comparison"": 2.625413805894, ""general_message"": -1.025256904698, ""invoice_query"": -0.370152181699, ""new_si_request"": -0.208267357035, ""spam"": -1.021737362462}"
logistic_regression,email_274,2,invoice_query,invoice_query,1.770299787029,"{""bl_comparison"": 0.157165438476, ""general_message"": -0.743614004598, ""invoice_query"": 1.927465225505, ""new_si_request"": -0.425643123622, ""spam"": -0.915373535761}"
logistic_regression,email_275,2,bl_comparison,bl_comparison,3.029208589113,"{""bl_comparison"": 2.744830802451, ""general_message"": -1.100267662041, ""invoice_query"": -0.315153821747, ""new_si_request"": -0.284377786662, ""spam"": -1.045031532002}"
logistic_regression,email_276,3,new_si_request,new_si_request,2.67116459354,"{""bl_comparison"": -0.25888451899, ""general_message"": -0.781358438014, ""invoice_query"": -0.513164954151, ""new_si_request"": 2.41228007455, ""spam"": -0.858872163394}"
logistic_regression,email_277,3,new_si_request,new_si_request,2.456826450562,"{""bl_comparison"": 0.098913385965, ""general_message"": -1.042197245868, ""invoice_query"": -0.473250072909, ""new_si_request"": 2.555739836527, ""spam"": -1.139205903715}"
logistic_regression,email_278,1,new_si_request,new_si_request,2.074687899071,"{""bl_comparison"": 0.104468401921, ""general_message"": -0.897138212829, ""invoice_query"": -0.360377399091, ""new_si_request"": 2.179156300992, ""spam"": -1.026109090993}"
logistic_regression,email_279,5,new_si_request,new_si_request,1.494506056637,"{""bl_comparison"": 0.273684786774, ""general_message"": -0.895611054871, ""invoice_query"": -0.162612321514, ""new_si_request"": 1.768190843411, ""spam"": -0.983652253799}"
logistic_regression,email_280,5,invoice_query,invoice_query,2.383032174457,"{""bl_comparison"": 0.013613156595, ""general_message"": -0.803881642818, ""invoice_query"": 2.396645331052, ""new_si_request"": -0.551942065061, ""spam"": -1.054434779769}"
logistic_regression,email_281,2,bl_comparison,bl_comparison,1.999922318731,"{""bl_comparison"": 2.231788221055, ""general_message"": -1.066993675478, ""invoice_query"": 0.231865902324, ""new_si_request"": -0.202444682878, ""spam"": -1.194215765023}"
logistic_regression,email_282,2,bl_comparison,bl_comparison,2.503343910655,"{""bl_comparison"": 2.396884603568, ""general_message"": -0.984107040301, ""invoice_query"": -0.106459307087, ""new_si_request"": -0.314749037853, ""spam"": -0.991569218326}"
logistic_regression,email_283,5,new_si_request,new_si_request,2.392134543644,"{""bl_comparison"": -0.007439257928, ""general_message"": -1.000719400582, ""invoice_query"": -0.32315802142, ""new_si_request"": 2.384695285716, ""spam"": -1.053378605786}"
logistic_regression,email_284,5,invoice_query,invoice_query,3.519048598131,"{""bl_comparison"": -0.368709600308, ""general_message"": -0.845998655382, ""invoice_query"": 3.150338997823, ""new_si_request"": -0.832274780395, ""spam"": -1.103355961738}"
logistic_regression,email_285,2,invoice_query,invoice_query,2.200717052662,"{""bl_comparison"": 0.309473024248, ""general_message"": -1.062303719389, ""invoice_query"": 2.51019007691, ""new_si_request"": -0.561121619511, ""spam"": -1.196237762259}"
logistic_regression,email_286,4,invoice_query,invoice_query,2.942827783925,"{""bl_comparison"": -0.236051509313, ""general_message"": -0.905494346555, ""invoice_query"": 2.706776274612, ""new_si_request"": -0.513742693003, ""spam"": -1.051487725742}"
logistic_regression,email_287,2,invoice_query,invoice_query,1.964798997135,"{""bl_comparison"": 0.260194004874, ""general_message"": -1.012390742718, ""invoice_query"": 2.224993002009, ""new_si_request"": -0.332388953044, ""spam"": -1.140407311122}"
logistic_regression,email_288,3,bl_comparison,bl_comparison,1.993148242314,"{""bl_comparison"": 2.010358220651, ""general_message"": -0.746721228106, ""invoice_query"": 0.017209978337, ""new_si_request"": -0.205002596259, ""spam"": -1.075844374623}"
logistic_regression,email_289,3,new_si_request,new_si_request,2.952219632906,"{""bl_comparison"": -0.21531556569, ""general_message"": -1.016498058264, ""invoice_query"": -0.424627787545, ""new_si_request"": 2.736904067216, ""spam"": -1.080462655718}"
logistic_regression,email_290,3,new_si_request,new_si_request,2.756365968451,"{""bl_comparison"": -0.276836718653, ""general_message"": -0.793048519355, ""invoice_query"": -0.523589300834, ""new_si_request"": 2.479529249798, ""spam"": -0.886054710956}"
logistic_regression,email_291,1,bl_comparison,bl_comparison,2.533923921147,"{""bl_comparison"": 2.41260562433, ""general_message"": -1.001402309473, ""invoice_query"": -0.121318296817, ""new_si_request"": -0.173789292798, ""spam"": -1.116095725242}"
logistic_regression,email_292,5,bl_comparison,bl_comparison,1.833072375461,"{""bl_comparison"": 2.05627058126, ""general_message"": -0.996224328437, ""invoice_query"": 0.223198205799, ""new_si_request"": -0.209736361996, ""spam"": -1.073508096626}"
logistic_regression,email_293,2,new_si_request,new_si_request,2.603672342745,"{""bl_comparison"": -0.151409934051, ""general_message"": -1.04368582565, ""invoice_query"": -0.180599278767, ""new_si_request"": 2.452262408694, ""spam"": -1.076567370227}"
logistic_regression,email_294,1,general_message,general_message,3.08147215174,"{""bl_comparison"": -0.411019679845, ""general_message"": 2.670452471895, ""invoice_query"": -0.690818415651, ""new_si_request"": -0.796080197168, ""spam"": -0.772534179231}"
logistic_regression,email_295,4,new_si_request,new_si_request,2.378224605965,"{""bl_comparison"": -0.150315239572, ""general_message"": -0.733523360264, ""invoice_query"": -0.521012957671, ""new_si_request"": 2.227909366393, ""spam"": -0.823057808886}"
logistic_regression,email_296,3,bl_comparison,bl_comparison,2.587101524529,"{""bl_comparison"": 2.465245631098, ""general_message"": -1.090084118529, ""invoice_query"": -0.128941349611, ""new_si_request"": -0.121855893431, ""spam"": -1.124364269527}"
logistic_regression,email_297,5,general_message,general_message,2.895146132615,"{""bl_comparison"": -0.522411588028, ""general_message"": 2.381572872872, ""invoice_query"": -0.631325819919, ""new_si_request"": -0.714262205182, ""spam"": -0.513573259743}"
logistic_regression,email_298,1,invoice_query,invoice_query,1.547422776604,"{""bl_comparison"": 0.134209653597, ""general_message"": -0.626551324922, ""invoice_query"": 1.681632430201, ""new_si_request"": -0.241636963948, ""spam"": -0.947653794928}"
logistic_regression,email_299,3,bl_comparison,bl_comparison,1.779349436086,"{""bl_comparison"": 2.148266553689, ""general_message"": -0.95898465853, ""invoice_query"": 0.368917117603, ""new_si_request"": -0.467849592875, ""spam"": -1.090349419887}"
logistic_regression,email_300,2,bl_comparison,bl_comparison,2.108273662912,"{""bl_comparison"": 2.071116791675, ""general_message"": -0.819035606481, ""invoice_query"": -0.037156871237, ""new_si_request"": -0.297815846728, ""spam"": -0.917108467229}"
logistic_regression,email_301,3,bl_comparison,bl_comparison,1.571140174364,"{""bl_comparison"": 1.836779262678, ""general_message"": -0.871031164968, ""invoice_query"": 0.265639088314, ""new_si_request"": -0.21005171732, ""spam"": -1.021335468705}"
logistic_regression,email_302,2,bl_comparison,bl_comparison,2.145909648015,"{""bl_comparison"": 2.110208738211, ""general_message"": -0.809416710654, ""invoice_query"": -0.035700909804, ""new_si_request"": -0.262230052851, ""spam"": -1.002861064902}"
logistic_regression,email_303,1,invoice_query,invoice_query,3.427132512065,"{""bl_comparison"": -0.390237104957, ""general_message"": -0.811025497327, ""invoice_query"": 3.036895407108, ""new_si_request"": -0.774974301275, ""spam"": -1.06065850355}"
logistic_regression,email_304,3,invoice_query,invoice_query,2.262785185805,"{""bl_comparison"": 0.159028059037, ""general_message"": -0.911516486877, ""invoice_query"": 2.421813244842, ""new_si_request"": -0.538596318557, ""spam"": -1.130728498446}"
logistic_regression,email_305,3,bl_comparison,bl_comparison,1.68124851332,"{""bl_comparison"": 1.799741588661, ""general_message"": -0.573712914769, ""invoice_query"": 0.118493075341, ""new_si_request"": -0.323859068452, ""spam"": -1.02066268078}"
logistic_regression,email_306,4,new_si_request,new_si_request,2.020507959058,"{""bl_comparison"": 0.098808882967, ""general_message"": -0.859256199686, ""invoice_query"": -0.384067810798, ""new_si_request"": 2.119316842025, ""spam"": -0.974801714508}"
logistic_regression,email_307,1,bl_comparison,bl_comparison,2.977834661433,"{""bl_comparison"": 2.640071361836, ""general_message"": -0.910083855534, ""invoice_query"": -0.337763299597, ""new_si_request"": -0.457848769208, ""spam"": -0.934375437498}"
logistic_regression,email_308,5,new_si_request,new_si_request,3.190173558267,"{""bl_comparison"": -0.359191432821, ""general_message"": -0.90419325806, ""invoice_query"": -0.504160015215, ""new_si_request"": 2.830982125446, ""spam"": -1.06343741935}"
logistic_regression,email_309,3,bl_comparison,bl_comparison,1.534095497588,"{""bl_comparison"": 1.791326556453, ""general_message"": -0.860980101239, ""invoice_query"": 0.257231058865, ""new_si_request"": -0.131338431232, ""spam"": -1.056239082847}"
logistic_regression,email_310,5,new_si_request,new_si_request,2.274332775273,"{""bl_comparison"": 0.081084537334, ""general_message"": -0.943501810506, ""invoice_query"": -0.463659340746, ""new_si_request"": 2.355417312607, ""spam"": -1.029340698688}"
logistic_regression,email_311,3,new_si_request,new_si_request,2.725764807913,"{""bl_comparison"": -0.29876046258, ""general_message"": -0.782544277522, ""invoice_query"": -0.451264151056, ""new_si_request"": 2.427004345333, ""spam"": -0.894435454175}"
logistic_regression,email_312,2,bl_comparison,bl_comparison,3.298875835816,"{""bl_comparison"": 3.006758298693, ""general_message"": -1.143380256439, ""invoice_query"": -0.292117537123, ""new_si_request"": -0.459553255895, ""spam"": -1.111707249236}"
logistic_regression,email_313,3,bl_comparison,bl_comparison,2.275644768477,"{""bl_comparison"": 2.152110246642, ""general_message"": -0.896792022993, ""invoice_query"": -0.156211205601, ""new_si_request"": -0.123534521835, ""spam"": -0.975572496213}"
logistic_regression,email_314,2,invoice_query,invoice_query,3.253090759045,"{""bl_comparison"": -0.316785165906, ""general_message"": -0.827781848203, ""invoice_query"": 2.936305593139, ""new_si_request"": -0.714015652053, ""spam"": -1.077722926977}"
logistic_regression,email_315,5,spam,spam,2.685808516892,"{""bl_comparison"": -0.391443618474, ""general_message"": -0.446878409244, ""invoice_query"": -0.746437274399, ""new_si_request"": -0.709605596301, ""spam"": 2.294364898418}"
logistic_regression,email_316,4,invoice_query,invoice_query,2.899216585741,"{""bl_comparison"": -0.193328257067, ""general_message"": -0.970316510203, ""invoice_query"": 2.705888328674, ""new_si_request"": -0.455410950709, ""spam"": -1.086832610695}"
logistic_regression,email_317,5,new_si_request,new_si_request,2.751200008036,"{""bl_comparison"": -0.056256120025, ""general_message"": -0.967179301695, ""invoice_query"": -0.582238659677, ""new_si_request"": 2.694943888011, ""spam"": -1.089269806613}"
logistic_regression,email_318,1,bl_comparison,bl_comparison,2.759434359785,"{""bl_comparison"": 2.544864254102, ""general_message"": -0.963826055371, ""invoice_query"": -0.214570105683, ""new_si_request"": -0.359200363295, ""spam"": -1.007267729753}"
logistic_regression,email_319,4,bl_comparison,bl_comparison,1.81437101206,"{""bl_comparison"": 1.877312289779, ""general_message"": -0.676441536138, ""invoice_query"": 0.062941277719, ""new_si_request"": -0.259151874744, ""spam"": -1.004660156616}"
logistic_regression,email_320,4,new_si_request,new_si_request,2.124356064966,"{""bl_comparison"": -0.043644387392, ""general_message"": -0.849806701727, ""invoice_query"": -0.28971559486, ""new_si_request"": 2.080711677574, ""spam"": -0.897544993594}"
logistic_regression,email_321,4,bl_comparison,bl_comparison,2.166981104719,"{""bl_comparison"": 2.274971469123, ""general_message"": -1.063494462431, ""invoice_query"": 0.107990364404, ""new_si_request"": -0.171893014047, ""spam"": -1.147574357049}"
logistic_regression,email_322,1,new_si_request,new_si_request,1.755168401769,"{""bl_comparison"": 0.302368151736, ""general_message"": -1.038583452828, ""invoice_query"": -0.150980360725, ""new_si_request"": 2.057536553505, ""spam"": -1.170340891688}"
logistic_regression,email_323,5,general_message,general_message,2.862517666918,"{""bl_comparison"": -0.510227879308, ""general_message"": 2.362814650043, ""invoice_query"": -0.623196506909, ""new_si_request"": -0.729687246951, ""spam"": -0.499703016875}"
logistic_regression,email_324,5,bl_comparison,bl_comparison,3.21708208902,"{""bl_comparison"": 2.848158223321, ""general_message"": -1.049961130227, ""invoice_query"": -0.368923865699, ""new_si_request"": -0.405501259357, ""spam"": -1.023771968038}"
logistic_regression,email_325,2,general_message,general_message,2.240325817686,"{""bl_comparison"": -0.297110714679, ""general_message"": 1.943215103007, ""invoice_query"": -0.37464810623, ""new_si_request"": -0.717551216176, ""spam"": -0.553905065922}"
logistic_regression,email_326,2,bl_comparison,bl_comparison,2.58592301087,"{""bl_comparison"": 2.533656035371, ""general_message"": -1.062046650161, ""invoice_query"": -0.052266975499, ""new_si_request"": -0.372409138793, ""spam"": -1.046933270917}"
logistic_regression,email_327,4,new_si_request,new_si_request,1.904432108103,"{""bl_comparison"": 0.249362759571, ""general_message"": -1.033120241485, ""invoice_query"": -0.217321795313, ""new_si_request"": 2.153794867674, ""spam"": -1.152715590448}"
logistic_regression,email_328,3,general_message,general_message,2.126187557092,"{""bl_comparison"": -0.232857354547, ""general_message"": 1.893330202545, ""invoice_query"": -0.487109840616, ""new_si_request"": -0.696682883014, ""spam"": -0.476680124367}"
logistic_regression,email_329,5,spam,spam,2.724195995304,"{""bl_comparison"": -0.41077558825, ""general_message"": -0.495883717246, ""invoice_query"": -0.708820122364, ""new_si_request"": -0.697940979194, ""spam"": 2.313420407054}"
logistic_regression,email_330,4,general_message,general_message,1.349774944994,"{""bl_comparison"": -0.077313325179, ""general_message"": 1.272461619815, ""invoice_query"": -0.440703100645, ""new_si_request"": -0.445812668976, ""spam"": -0.308632525015}"
logistic_regression,email_331,2,invoice_query,invoice_query,2.829421190487,"{""bl_comparison"": -0.122510694252, ""general_message"": -0.758751143379, ""invoice_query"": 2.706910496235, ""new_si_request"": -0.695929970314, ""spam"": -1.12971868829}"
logistic_regression,email_332,1,general_message,general_message,3.08147215174,"{""bl_comparison"": -0.411019679845, ""general_message"": 2.670452471895, ""invoice_query"": -0.690818415651, ""new_si_request"": -0.796080197168, ""spam"": -0.772534179231}"
logistic_regression,email_333,4,general_message,general_message,1.286069695938,"{""bl_comparison"": -0.059056879722, ""general_message"": 1.227012816216, ""invoice_query"": -0.466915401448, ""new_si_request"": -0.362619675034, ""spam"": -0.338420860012}"
logistic_regression,email_334,5,bl_comparison,bl_comparison,3.004566195671,"{""bl_comparison"": 2.742805974884, ""general_message"": -1.004875306751, ""invoice_query"": -0.261760220787, ""new_si_request"": -0.348089442328, ""spam"": -1.128081005018}"
logistic_regression,email_335,2,bl_comparison,bl_comparison,2.398115933242,"{""bl_comparison"": 2.341784882676, ""general_message"": -1.022507672395, ""invoice_query"": -0.056331050566, ""new_si_request"": -0.164050282159, ""spam"": -1.098895877556}"
logistic_regression,email_336,1,new_si_request,new_si_request,2.559002589269,"{""bl_comparison"": -0.236353853877, ""general_message"": -0.691618950717, ""invoice_query"": -0.520848532991, ""new_si_request"": 2.322648735392, ""spam"": -0.873827397807}"
logistic_regression,email_337,4,bl_comparison,bl_comparison,1.809002933827,"{""bl_comparison"": 1.996528403906, ""general_message"": -1.0022151157, ""invoice_query"": 0.187525470079, ""new_si_request"": -0.151871221285, ""spam"": -1.029967537}"
logistic_regression,email_338,2,new_si_request,new_si_request,2.376717800463,"{""bl_comparison"": -0.023063352256, ""general_message"": -0.815158237122, ""invoice_query"": -0.594529007402, ""new_si_request"": 2.353654448207, ""spam"": -0.920903851427}"
logistic_regression,email_339,4,new_si_request,new_si_request,2.242177331594,"{""bl_comparison"": 0.002644061913, ""general_message"": -0.867910312067, ""invoice_query"": -0.405245465625, ""new_si_request"": 2.244821393507, ""spam"": -0.974309677729}"
logistic_regression,email_340,5,general_message,general_message,3.242975316308,"{""bl_comparison"": -0.603194630768, ""general_message"": 2.670175231362, ""invoice_query"": -0.688634153589, ""new_si_request"": -0.80554636206, ""spam"": -0.572800084946}"
logistic_regression,email_341,3,bl_comparison,bl_comparison,1.997117334358,"{""bl_comparison"": 2.165880065039, ""general_message"": -1.015849894564, ""invoice_query"": 0.168762730681, ""new_si_request"": -0.175196051866, ""spam"": -1.14359684929}"
logistic_regression,email_342,4,bl_comparison,bl_comparison,2.786120301742,"{""bl_comparison"": 2.562857857325, ""general_message"": -0.959871853982, ""invoice_query"": -0.223262444417, ""new_si_request"": -0.334676144688, ""spam"": -1.045047414238}"
logistic_regression,email_343,4,bl_comparison,bl_comparison,1.943806298526,"{""bl_comparison"": 2.119780946247, ""general_message"": -1.040731127822, ""invoice_query"": 0.175974647721, ""new_si_request"": -0.215829895105, ""spam"": -1.039194571041}"
logistic_regression,email_344,1,new_si_request,new_si_request,2.730013524864,"{""bl_comparison"": -0.194497307797, ""general_message"": -0.863521107525, ""invoice_query"": -0.452916912952, ""new_si_request"": 2.535516217067, ""spam"": -1.024580888793}"
logistic_regression,email_345,1,spam,spam,2.361848580878,"{""bl_comparison"": -0.342925246356, ""general_message"": -0.345049238411, ""invoice_query"": -0.67340612028, ""new_si_request"": -0.657542729475, ""spam"": 2.018923334522}"
logistic_regression,email_346,1,general_message,general_message,2.644992226648,"{""bl_comparison"": -0.353109027593, ""general_message"": 2.291883199055, ""invoice_query"": -0.511585363121, ""new_si_request"": -0.797865720597, ""spam"": -0.629323087745}"
logistic_regression,email_347,2,general_message,general_message,2.632911349513,"{""bl_comparison"": -0.394106638868, ""general_message"": 2.238804710645, ""invoice_query"": -0.499698433514, ""new_si_request"": -0.719901958273, ""spam"": -0.62509767999}"
logistic_regression,email_348,2,bl_comparison,bl_comparison,2.480498866379,"{""bl_comparison"": 2.375723588687, ""general_message"": -0.998773046054, ""invoice_query"": -0.253536615325, ""new_si_request"": -0.104775277692, ""spam"": -1.018638649617}"
logistic_regression,email_349,5,bl_comparison,bl_comparison,3.088723694823,"{""bl_comparison"": 2.743130540898, ""general_message"": -0.959755289123, ""invoice_query"": -0.345593153925, ""new_si_request"": -0.428805480156, ""spam"": -1.008976617694}"
logistic_regression,email_350,5,bl_comparison,bl_comparison,2.201576201684,"{""bl_comparison"": 2.254256430735, ""general_message"": -0.968463404754, ""invoice_query"": 0.052680229051, ""new_si_request"": -0.297287229326, ""spam"": -1.041186025706}"
logistic_regression,email_351,2,bl_comparison,bl_comparison,2.512722309187,"{""bl_comparison"": 2.390407105608, ""general_message"": -1.094782459514, ""invoice_query"": -0.122315203579, ""new_si_request"": -0.146252622316, ""spam"": -1.027056820198}"
logistic_regression,email_352,2,new_si_request,new_si_request,2.901756098125,"{""bl_comparison"": -0.277685009977, ""general_message"": -0.827578111999, ""invoice_query"": -0.613669069008, ""new_si_request"": 2.624071088148, ""spam"": -0.905138897164}"
logistic_regression,email_353,1,new_si_request,new_si_request,3.002289465315,"{""bl_comparison"": -0.29566003842, ""general_message"": -0.893475186535, ""invoice_query"": -0.447041933783, ""new_si_request"": 2.706629426895, ""spam"": -1.070452268158}"
logistic_regression,email_354,1,bl_comparison,bl_comparison,2.327566067545,"{""bl_comparison"": 2.202449581959, ""general_message"": -0.875184550175, ""invoice_query"": -0.125116485586, ""new_si_request"": -0.265656879878, ""spam"": -0.93649166632}"
logistic_regression,email_355,3,invoice_query,invoice_query,1.558892405454,"{""bl_comparison"": 0.458894896899, ""general_message"": -0.885068389465, ""invoice_query"": 2.017787302353, ""new_si_request"": -0.421883365576, ""spam"": -1.169730444211}"
logistic_regression,email_356,2,general_message,general_message,2.435399467322,"{""bl_comparison"": -0.323771032685, ""general_message"": 2.111628434637, ""invoice_query"": -0.484019474754, ""new_si_request"": -0.757572709533, ""spam"": -0.546265217665}"
logistic_regression,email_357,5,new_si_request,new_si_request,2.132209271648,"{""bl_comparison"": 0.143900913364, ""general_message"": -0.954502786366, ""invoice_query"": -0.400122292966, ""new_si_request"": 2.276110185012, ""spam"": -1.065386019044}"
logistic_regression,email_358,4,new_si_request,new_si_request,3.218295365232,"{""bl_comparison"": -0.285900189588, ""general_message"": -0.961196330603, ""invoice_query"": -0.603757988979, ""new_si_request"": 2.932395175644, ""spam"": -1.081540666474}"
logistic_regression,email_359,3,new_si_request,new_si_request,2.624749053675,"{""bl_comparison"": -0.097340682939, ""general_message"": -1.049751862411, ""invoice_query"": -0.266233796511, ""new_si_request"": 2.527408370736, ""spam"": -1.114082028874}"
logistic_regression,email_360,5,new_si_request,new_si_request,2.877559168196,"{""bl_comparison"": -0.25954526809, ""general_message"": -0.855480080026, ""invoice_query"": -0.55758767715, ""new_si_request"": 2.618013900106, ""spam"": -0.945400874841}"
logistic_regression,email_361,5,bl_comparison,bl_comparison,2.907791356748,"{""bl_comparison"": 2.775857267782, ""general_message"": -1.140465626456, ""invoice_query"": -0.131934088966, ""new_si_request"": -0.301235585362, ""spam"": -1.202221966998}"
logistic_regression,email_362,1,new_si_request,new_si_request,2.816741182908,"{""bl_comparison"": -0.276866940537, ""general_message"": -0.775685259245, ""invoice_query"": -0.599992009496, ""new_si_request"": 2.539874242371, ""spam"": -0.887330033093}"
logistic_regression,email_363,4,spam,spam,2.797092223834,"{""bl_comparison"": -0.445377895651, ""general_message"": -0.453626997072, ""invoice_query"": -0.722267265797, ""new_si_request"": -0.730442169664, ""spam"": 2.351714328183}"
logistic_regression,email_364,2,bl_comparison,bl_comparison,2.951326563725,"{""bl_comparison"": 2.745459445409, ""general_message"": -1.016873195243, ""invoice_query"": -0.205867118316, ""new_si_request"": -0.442216158909, ""spam"": -1.080502972941}"
logistic_regression,email_365,3,spam,spam,2.59276177504,"{""bl_comparison"": -0.360721939397, ""general_message"": -0.469112877589, ""invoice_query"": -0.733880793397, ""new_si_request"": -0.66832422526, ""spam"": 2.232039835643}"
logistic_regression,email_366,3,general_message,general_message,3.455093852511,"{""bl_comparison"": -0.550527401006, ""general_message"": 2.904566451505, ""invoice_query"": -0.668580078265, ""new_si_request"": -0.887675409653, ""spam"": -0.797783562581}"
logistic_regression,email_367,5,bl_comparison,bl_comparison,3.064467074423,"{""bl_comparison"": 2.74655826401, ""general_message"": -0.93590579333, ""invoice_query"": -0.317908810413, ""new_si_request"": -0.549272263868, ""spam"": -0.943471396399}"
logistic_regression,email_368,5,new_si_request,new_si_request,2.388593356645,"{""bl_comparison"": 0.100026508153, ""general_message"": -1.082823309731, ""invoice_query"": -0.302912912095, ""new_si_request"": 2.488619864798, ""spam"": -1.202910151125}"
logistic_regression,email_369,3,invoice_query,invoice_query,1.540789019314,"{""bl_comparison"": 0.499691229165, ""general_message"": -0.940431491064, ""invoice_query"": 2.040480248479, ""new_si_request"": -0.465889877194, ""spam"": -1.133850109387}"
logistic_regression,email_370,1,new_si_request,new_si_request,2.899540040709,"{""bl_comparison"": -0.318440993012, ""general_message"": -0.812541347714, ""invoice_query"": -0.539176680502, ""new_si_request"": 2.581099047697, ""spam"": -0.910940026469}"
logistic_regression,email_371,5,new_si_request,new_si_request,1.432547826882,"{""bl_comparison"": 0.286463565579, ""general_message"": -0.868887750446, ""invoice_query"": -0.174830332206, ""new_si_request"": 1.719011392461, ""spam"": -0.961756875389}"
logistic_regression,email_372,5,invoice_query,invoice_query,2.592313513758,"{""bl_comparison"": -0.086372510558, ""general_message"": -0.716933771064, ""invoice_query"": 2.5059410032, ""new_si_request"": -0.658610176348, ""spam"": -1.044024545229}"
logistic_regression,email_373,4,invoice_query,invoice_query,2.51329855759,"{""bl_comparison"": -0.031535932557, ""general_message"": -0.817773947423, ""invoice_query"": 2.481762625033, ""new_si_request"": -0.448008858268, ""spam"": -1.184443886785}"
logistic_regression,email_374,5,invoice_query,invoice_query,2.906568992795,"{""bl_comparison"": -0.166781149619, ""general_message"": -0.718630647088, ""invoice_query"": 2.739787843176, ""new_si_request"": -0.724775239487, ""spam"": -1.129600806982}"
logistic_regression,email_375,5,invoice_query,invoice_query,3.175220783478,"{""bl_comparison"": -0.316141461555, ""general_message"": -0.916767859095, ""invoice_query"": 2.859079321923, ""new_si_request"": -0.565855350997, ""spam"": -1.060314650276}"
logistic_regression,email_376,4,new_si_request,new_si_request,2.218941021146,"{""bl_comparison"": -0.09501211974, ""general_message"": -0.835211358339, ""invoice_query"": -0.277338626398, ""new_si_request"": 2.123928901406, ""spam"": -0.916366796929}"
logistic_regression,email_377,2,bl_comparison,bl_comparison,2.343338825781,"{""bl_comparison"": 2.331549124789, ""general_message"": -0.962823605942, ""invoice_query"": -0.011789700992, ""new_si_request"": -0.298050829575, ""spam"": -1.05888498828}"
logistic_regression,email_378,3,bl_comparison,bl_comparison,2.710309613927,"{""bl_comparison"": 2.641796095607, ""general_message"": -1.032635891088, ""invoice_query"": -0.06851351832, ""new_si_request"": -0.382025292559, ""spam"": -1.15862139364}"
logistic_regression,email_379,2,bl_comparison,bl_comparison,2.741634729526,"{""bl_comparison"": 2.605120616047, ""general_message"": -1.069308468341, ""invoice_query"": -0.136514113479, ""new_si_request"": -0.256207444105, ""spam"": -1.143090590122}"
logistic_regression,email_380,5,new_si_request,new_si_request,3.108773255648,"{""bl_comparison"": -0.345687240301, ""general_message"": -0.897815106489, ""invoice_query"": -0.519300182557, ""new_si_request"": 2.763086015347, ""spam"": -1.000283486}"
logistic_regression,email_381,3,bl_comparison,bl_comparison,2.165100757478,"{""bl_comparison"": 2.281740693426, ""general_message"": -1.078176028045, ""invoice_query"": 0.116639935948, ""new_si_request"": -0.120240783981, ""spam"": -1.199963817348}"
logistic_regression,email_382,3,spam,spam,2.8068503637,"{""bl_comparison"": -0.439180005954, ""general_message"": -0.463145602902, ""invoice_query"": -0.708496494814, ""new_si_request"": -0.756848254076, ""spam"": 2.367670357746}"
logistic_regression,email_383,2,bl_comparison,bl_comparison,2.662230606065,"{""bl_comparison"": 2.597070734837, ""general_message"": -1.011250236601, ""invoice_query"": -0.065159871228, ""new_si_request"": -0.403912292741, ""spam"": -1.116748334267}"
logistic_regression,email_384,1,bl_comparison,bl_comparison,2.151747544758,"{""bl_comparison"": 2.399306462328, ""general_message"": -1.030901474006, ""invoice_query"": 0.24755891757, ""new_si_request"": -0.450254741455, ""spam"": -1.165709164437}"
logistic_regression,email_385,3,bl_comparison,bl_comparison,1.894663202771,"{""bl_comparison"": 2.093053749892, ""general_message"": -0.950116426837, ""invoice_query"": 0.198390547121, ""new_si_request"": -0.208589582295, ""spam"": -1.132738287881}"
logistic_regression,email_386,3,invoice_query,invoice_query,2.389728590996,"{""bl_comparison"": 0.177929276511, ""general_message"": -1.018634297629, ""invoice_query"": 2.567657867507, ""new_si_request"": -0.57091848992, ""spam"": -1.15603435647}"
logistic_regression,email_387,5,spam,spam,2.724195995304,"{""bl_comparison"": -0.41077558825, ""general_message"": -0.495883717246, ""invoice_query"": -0.708820122364, ""new_si_request"": -0.697940979194, ""spam"": 2.313420407054}"
logistic_regression,email_388,2,new_si_request,new_si_request,2.294346731055,"{""bl_comparison"": 0.030431881604, ""general_message"": -0.925583278288, ""invoice_query"": -0.451854891905, ""new_si_request"": 2.324778612659, ""spam"": -0.977772324071}"
logistic_regression,email_389,4,invoice_query,invoice_query,2.460804184782,"{""bl_comparison"": -0.091847945353, ""general_message"": -0.633317841673, ""invoice_query"": 2.368956239429, ""new_si_request"": -0.579695767129, ""spam"": -1.064094685275}"
logistic_regression,email_390,5,spam,spam,2.989258829923,"{""bl_comparison"": -0.505604652235, ""general_message"": -0.432605174127, ""invoice_query"": -0.795275718726, ""new_si_request"": -0.823168110709, ""spam"": 2.556653655796}"
logistic_regression,email_391,4,bl_comparison,bl_comparison,2.292676047082,"{""bl_comparison"": 2.27570682675, ""general_message"": -0.904829791305, ""invoice_query"": -0.016969220332, ""new_si_request"": -0.272006322568, ""spam"": -1.081901492545}"
logistic_regression,email_392,4,spam,spam,1.833133759528,"{""bl_comparison"": -0.182379883368, ""general_message"": -0.234762674311, ""invoice_query"": -0.558631668931, ""new_si_request"": -0.674979649551, ""spam"": 1.65075387616}"
logistic_regression,email_393,4,new_si_request,new_si_request,2.575972937524,"{""bl_comparison"": -0.066427128175, ""general_message"": -0.929081800631, ""invoice_query"": -0.508503552882, ""new_si_request"": 2.509545809349, ""spam"": -1.005533327661}"
logistic_regression,email_394,1,general_message,general_message,2.832039555,"{""bl_comparison"": -0.45765330308, ""general_message"": 2.37438625192, ""invoice_query"": -0.645931001221, ""new_si_request"": -0.737579941232, ""spam"": -0.533222006388}"
logistic_regression,email_395,4,spam,spam,3.246474201139,"{""bl_comparison"": -0.519606150312, ""general_message"": -0.576089821244, ""invoice_query"": -0.83124292941, ""new_si_request"": -0.799929149861, ""spam"": 2.726868050827}"
logistic_regression,email_396,1,general_message,general_message,2.982016791779,"{""bl_comparison"": -0.506769666338, ""general_message"": 2.475247125441, ""invoice_query"": -0.707956070904, ""new_si_request"": -0.740343951952, ""spam"": -0.520177436247}"
logistic_regression,email_397,2,new_si_request,new_si_request,2.739467577756,"{""bl_comparison"": -0.267237909945, ""general_message"": -0.764162511895, ""invoice_query"": -0.631425996929, ""new_si_request"": 2.472229667811, ""spam"": -0.809403249041}"
logistic_regression,email_398,1,bl_comparison,bl_comparison,2.655171633886,"{""bl_comparison"": 2.34900870986, ""general_message"": -0.703521647652, ""invoice_query"": -0.485843681973, ""new_si_request"": -0.306162924026, ""spam"": -0.853480456209}"
logistic_regression,email_399,2,general_message,general_message,2.674172013349,"{""bl_comparison"": -0.410243987123, ""general_message"": 2.263928026226, ""invoice_query"": -0.667784791586, ""new_si_request"": -0.702801292484, ""spam"": -0.483097955033}"
logistic_regression,email_400,3,new_si_request,new_si_request,2.819846467732,"{""bl_comparison"": -0.275575066887, ""general_message"": -0.863332308358, ""invoice_query"": -0.496561331472, ""new_si_request"": 2.544271400845, ""spam"": -0.908802694128}"
logistic_regression,email_401,4,bl_comparison,bl_comparison,1.945861739911,"{""bl_comparison"": 2.204728067758, ""general_message"": -1.077867872534, ""invoice_query"": 0.258866327847, ""new_si_request"": -0.244315460208, ""spam"": -1.141411062863}"
logistic_regression,email_402,3,invoice_query,invoice_query,2.719648008641,"{""bl_comparison"": -0.165748894934, ""general_message"": -0.946170023785, ""invoice_query"": 2.553899113707, ""new_si_request"": -0.396287068052, ""spam"": -1.045693126936}"
logistic_regression,email_403,3,invoice_query,invoice_query,1.946379154741,"{""bl_comparison"": 0.015158867971, ""general_message"": -0.691846026515, ""invoice_query"": 1.961538022712, ""new_si_request"": -0.445199569451, ""spam"": -0.839651294717}"
logistic_regression,email_404,5,spam,spam,2.18948127899,"{""bl_comparison"": -0.266938517621, ""general_message"": -0.394385764453, ""invoice_query"": -0.631776159002, ""new_si_request"": -0.629442320294, ""spam"": 1.922542761369}"
logistic_regression,email_405,3,bl_comparison,bl_comparison,2.501549653398,"{""bl_comparison"": 2.426246902099, ""general_message"": -1.117924851522, ""invoice_query"": -0.16318258622, ""new_si_request"": -0.075302751299, ""spam"": -1.069836713058}"
logistic_regression,email_406,5,invoice_query,invoice_query,1.21469086591,"{""bl_comparison"": 0.606199280157, ""general_message"": -0.970178198322, ""invoice_query"": 1.820890146067, ""new_si_request"": -0.349231966545, ""spam"": -1.107679261358}"
logistic_regression,email_407,3,bl_comparison,bl_comparison,2.393667018198,"{""bl_comparison"": 2.356209321622, ""general_message"": -1.060857593658, ""invoice_query"": -0.037457696576, ""new_si_request"": -0.179990406204, ""spam"": -1.077903625184}"
logistic_regression,email_408,1,bl_comparison,bl_comparison,3.210746997409,"{""bl_comparison"": 2.836191291649, ""general_message"": -1.013350182928, ""invoice_query"": -0.474728198713, ""new_si_request"": -0.37455570576, ""spam"": -0.973557204247}"
logistic_regression,email_409,4,bl_comparison,bl_comparison,2.794376645479,"{""bl_comparison"": 2.666598953162, ""general_message"": -1.130183557583, ""invoice_query"": -0.127777692317, ""new_si_request"": -0.238896347644, ""spam"": -1.169741355617}"
logistic_regression,email_410,3,bl_comparison,bl_comparison,2.387259745153,"{""bl_comparison"": 2.330669530804, ""general_message"": -0.988479951448, ""invoice_query"": -0.056590214349, ""new_si_request"": -0.205644569095, ""spam"": -1.079954795912}"
logistic_regression,email_411,5,bl_comparison,bl_comparison,1.927709035191,"{""bl_comparison"": 1.927358699027, ""general_message"": -0.824165602796, ""invoice_query"": -0.172976974357, ""new_si_request"": -0.000350336164, ""spam"": -0.929865785709}"
logistic_regression,email_412,4,invoice_query,invoice_query,3.245054034481,"{""bl_comparison"": -0.291072957034, ""general_message"": -0.871861186663, ""invoice_query"": 2.953981077447, ""new_si_request"": -0.703119064651, ""spam"": -1.087927869099}"
logistic_regression,email_413,4,new_si_request,new_si_request,2.206298165442,"{""bl_comparison"": 0.026043204118, ""general_message"": -0.897850580202, ""invoice_query"": -0.388374894132, ""new_si_request"": 2.23234136956, ""spam"": -0.972159099344}"
logistic_regression,email_414,3,general_message,general_message,2.573349954425,"{""bl_comparison"": -0.417208301479, ""general_message"": 2.156141652946, ""invoice_query"": -0.491859458694, ""new_si_request"": -0.715306881409, ""spam"": -0.531767011364}"
logistic_regression,email_415,4,general_message,general_message,1.026849724102,"{""bl_comparison"": -0.029143228805, ""general_message"": 0.997706495297, ""invoice_query"": -0.375533659888, ""new_si_request"": -0.442310405995, ""spam"": -0.150719200609}"
logistic_regression,email_416,4,bl_comparison,bl_comparison,3.019167510601,"{""bl_comparison"": 2.754363665147, ""general_message"": -1.106761539252, ""invoice_query"": -0.28396677741, ""new_si_request"": -0.264803845454, ""spam"": -1.098831503031}"
logistic_regression,email_417,1,spam,spam,1.866039863712,"{""bl_comparison"": -0.24591893575, ""general_message"": -0.312135923257, ""invoice_query"": -0.420000446788, ""new_si_request"": -0.642065622167, ""spam"": 1.620120927962}"
logistic_regression,email_418,2,general_message,general_message,2.646660684868,"{""bl_comparison"": -0.393762068561, ""general_message"": 2.252898616307, ""invoice_query"": -0.528053900228, ""new_si_request"": -0.76865157053, ""spam"": -0.562431076988}"
logistic_regression,email_419,1,bl_comparison,bl_comparison,2.213247560122,"{""bl_comparison"": 2.374070228291, ""general_message"": -1.084957005725, ""invoice_query"": 0.160822668169, ""new_si_request"": -0.244936346476, ""spam"": -1.204999544259}"
logistic_regression,email_420,5,invoice_query,invoice_query,3.022940126445,"{""bl_comparison"": -0.217358088313, ""general_message"": -0.981270633866, ""invoice_query"": 2.805582038132, ""new_si_request"": -0.53384574396, ""spam"": -1.073107571993}"
logistic_regression,email_421,5,bl_comparison,bl_comparison,2.113017293632,"{""bl_comparison"": 2.270361867664, ""general_message"": -1.081749540122, ""invoice_query"": 0.157344574032, ""new_si_request"": -0.220669596414, ""spam"": -1.125287305159}"
logistic_regression,email_422,1,invoice_query,invoice_query,3.234059452405,"{""bl_comparison"": -0.332379049096, ""general_message"": -0.762206394447, ""invoice_query"": 2.901680403309, ""new_si_request"": -0.738360661738, ""spam"": -1.068734298028}"
logistic_regression,email_423,1,bl_comparison,bl_comparison,1.975435681434,"{""bl_comparison"": 2.038666299626, ""general_message"": -0.897936376968, ""invoice_query"": 0.063230618192, ""new_si_request"": -0.116772126095, ""spam"": -1.087188414754}"
logistic_regression,email_424,5,bl_comparison,bl_comparison,1.952102445182,"{""bl_comparison"": 2.175128306866, ""general_message"": -1.030815529926, ""invoice_query"": 0.223025861684, ""new_si_request"": -0.238735059099, ""spam"": -1.128603579524}"
logistic_regression,email_425,1,invoice_query,invoice_query,1.428396492713,"{""bl_comparison"": 0.484032140043, ""general_message"": -0.896122303304, ""invoice_query"": 1.912428632756, ""new_si_request"": -0.374900661423, ""spam"": -1.125437808072}"
logistic_regression,email_426,5,bl_comparison,bl_comparison,2.389919859238,"{""bl_comparison"": 2.379746535344, ""general_message"": -0.955629272308, ""invoice_query"": -0.010173323894, ""new_si_request"": -0.335549932371, ""spam"": -1.07839400677}"
logistic_regression,email_427,4,new_si_request,new_si_request,2.748877834644,"{""bl_comparison"": -0.11222426016, ""general_message"": -1.052597918062, ""invoice_query"": -0.348604172933, ""new_si_request"": 2.636653574484, ""spam"": -1.12322722333}"
logistic_regression,email_428,5,bl_comparison,bl_comparison,2.661804356914,"{""bl_comparison"": 2.477773437205, ""general_message"": -0.997966261588, ""invoice_query"": -0.184030919709, ""new_si_request"": -0.26812392298, ""spam"": -1.027652332928}"
logistic_regression,email_429,3,new_si_request,new_si_request,2.19832485193,"{""bl_comparison"": -0.000108519133, ""general_message"": -0.786371969762, ""invoice_query"": -0.53026272093, ""new_si_request"": 2.198216332797, ""spam"": -0.881473122972}"
logistic_regression,email_430,1,new_si_request,new_si_request,3.123827645785,"{""bl_comparison"": -0.353746090766, ""general_message"": -0.865037575228, ""invoice_query"": -0.564786009484, ""new_si_request"": 2.770081555019, ""spam"": -0.98651187954}"
logistic_regression,email_431,4,general_message,general_message,2.599994379586,"{""bl_comparison"": -0.315537544542, ""general_message"": 2.284456835044, ""invoice_query"": -0.712643036704, ""new_si_request"": -0.675858183939, ""spam"": -0.58041806986}"
logistic_regression,email_432,2,bl_comparison,bl_comparison,1.877378031763,"{""bl_comparison"": 2.145395526558, ""general_message"": -0.930496764834, ""invoice_query"": 0.268017494795, ""new_si_request"": -0.413138677585, ""spam"": -1.069777578934}"
logistic_regression,email_433,2,new_si_request,new_si_request,3.050677806162,"{""bl_comparison"": -0.260738209892, ""general_message"": -0.873717325387, ""invoice_query"": -0.680397271284, ""new_si_request"": 2.78993959627, ""spam"": -0.975086789707}"
logistic_regression,email_434,2,bl_comparison,bl_comparison,2.324491158122,"{""bl_comparison"": 2.337977481527, ""general_message"": -1.047802459194, ""invoice_query"": 0.013486323405, ""new_si_request"": -0.262428314656, ""spam"": -1.041233031083}"
logistic_regression,email_435,4,bl_comparison,bl_comparison,2.093635058734,"{""bl_comparison"": 2.067458010286, ""general_message"": -0.80311083593, ""invoice_query"": -0.026177048448, ""new_si_request"": -0.257194036719, ""spam"": -0.980976089188}"
logistic_regression,email_436,4,bl_comparison,bl_comparison,2.135547460709,"{""bl_comparison"": 2.274589032601, ""general_message"": -0.96012237209, ""invoice_query"": 0.139041571892, ""new_si_request"": -0.272206347581, ""spam"": -1.181301884821}"
logistic_regression,email_437,3,new_si_request,new_si_request,2.807725178578,"{""bl_comparison"": -0.318555282301, ""general_message"": -0.764809019116, ""invoice_query"": -0.552981985207, ""new_si_request"": 2.489169896277, ""spam"": -0.852823609653}"
logistic_regression,email_438,1,new_si_request,new_si_request,2.231852620003,"{""bl_comparison"": 0.033864010959, ""general_message"": -0.830160822339, ""invoice_query"": -0.520092803278, ""new_si_request"": 2.265716630962, ""spam"": -0.949327016304}"
logistic_regression,email_439,3,invoice_query,invoice_query,1.40094459406,"{""bl_comparison"": 0.498005965068, ""general_message"": -0.853221491891, ""invoice_query"": 1.898950559128, ""new_si_request"": -0.3905035793, ""spam"": -1.153231453004}"
logistic_regression,email_440,1,bl_comparison,bl_comparison,2.093264984453,"{""bl_comparison"": 2.24762040379, ""general_message"": -1.048218737594, ""invoice_query"": 0.154355419337, ""new_si_request"": -0.187190985625, ""spam"": -1.166566099907}"
logistic_regression,email_441,1,general_message,general_message,3.188092357436,"{""bl_comparison"": -0.552662938824, ""general_message"": 2.635429418612, ""invoice_query"": -0.687677403489, ""new_si_request"": -0.80016172754, ""spam"": -0.594927348759}"
logistic_regression,email_442,5,bl_comparison,bl_comparison,2.112423408233,"{""bl_comparison"": 2.242749211082, ""general_message"": -0.987998216269, ""invoice_query"": 0.130325802849, ""new_si_request"": -0.294043957937, ""spam"": -1.091032839725}"
logistic_regression,email_443,1,new_si_request,new_si_request,3.168981813599,"{""bl_comparison"": -0.32500274676, ""general_message"": -0.91170300572, ""invoice_query"": -0.576149376766, ""new_si_request"": 2.843979066839, ""spam"": -1.031123937594}"
logistic_regression,email_444,1,bl_comparison,bl_comparison,2.807818599888,"{""bl_comparison"": 2.543027653703, ""general_message"": -0.877705990628, ""invoice_query"": -0.264790946185, ""new_si_request"": -0.438663663041, ""spam"": -0.961867053849}"
logistic_regression,email_445,3,general_message,general_message,2.292271653472,"{""bl_comparison"": -0.308615473114, ""general_message"": 1.983656180358, ""invoice_query"": -0.414107813145, ""new_si_request"": -0.747024918497, ""spam"": -0.513907975603}"
logistic_regression,email_446,1,bl_comparison,bl_comparison,2.684895652601,"{""bl_comparison"": 2.47636900812, ""general_message"": -0.947495269742, ""invoice_query"": -0.208526644481, ""new_si_request"": -0.389369098899, ""spam"": -0.930977994998}"
logistic_regression,email_447,3,bl_comparison,bl_comparison,1.933783825432,"{""bl_comparison"": 2.082968175936, ""general_message"": -0.988781767456, ""invoice_query"": 0.149184350504, ""new_si_request"": -0.141380845647, ""spam"": -1.101989913337}"
logistic_regression,email_448,1,bl_comparison,bl_comparison,2.020681576892,"{""bl_comparison"": 2.149096490937, ""general_message"": -1.016503946144, ""invoice_query"": 0.128414914045, ""new_si_request"": -0.190609361319, ""spam"": -1.070398097519}"
logistic_regression,email_449,2,spam,spam,2.440760110236,"{""bl_comparison"": -0.338612752379, ""general_message"": -0.436453288708, ""invoice_query"": -0.668770401195, ""new_si_request"": -0.658310915575, ""spam"": 2.102147357857}"
logistic_regression,email_450,2,spam,spam,3.103410085909,"{""bl_comparison"": -0.475425702597, ""general_message"": -0.487187071697, ""invoice_query"": -0.849633937473, ""new_si_request"": -0.815737671545, ""spam"": 2.627984383312}"
logistic_regression,email_451,5,bl_comparison,bl_comparison,2.997828383554,"{""bl_comparison"": 2.719139373731, ""general_message"": -1.022008722793, ""invoice_query"": -0.278689009823, ""new_si_request"": -0.456579611126, ""spam"": -0.961862029989}"
logistic_regression,email_452,5,invoice_query,invoice_query,2.145633011119,"{""bl_comparison"": 0.258829655012, ""general_message"": -0.957680625546, ""invoice_query"": 2.404462666131, ""new_si_request"": -0.584489439264, ""spam"": -1.121122256333}"
logistic_regression,email_453,1,bl_comparison,bl_comparison,2.60342700318,"{""bl_comparison"": 2.41547931696, ""general_message"": -0.945406530004, ""invoice_query"": -0.201906791662, ""new_si_request"": -0.18794768622, ""spam"": -1.080218309074}"
logistic_regression,email_454,4,bl_comparison,bl_comparison,2.725726269278,"{""bl_comparison"": 2.610717961216, ""general_message"": -1.055047034164, ""invoice_query"": -0.115008308062, ""new_si_request"": -0.378190299859, ""spam"": -1.062472319131}"
logistic_regression,email_455,1,spam,spam,1.866039863712,"{""bl_comparison"": -0.24591893575, ""general_message"": -0.312135923257, ""invoice_query"": -0.420000446788, ""new_si_request"": -0.642065622167, ""spam"": 1.620120927962}"
logistic_regression,email_456,1,bl_comparison,bl_comparison,2.892085845509,"{""bl_comparison"": 2.63888999605, ""general_message"": -1.012857298884, ""invoice_query"": -0.253195849459, ""new_si_request"": -0.437021924103, ""spam"": -0.935814923605}"
logistic_regression,email_457,1,spam,spam,2.464856167892,"{""bl_comparison"": -0.324156941509, ""general_message"": -0.358849144055, ""invoice_query"": -0.733925232443, ""new_si_request"": -0.723767908375, ""spam"": 2.140699226383}"
logistic_regression,email_458,4,invoice_query,invoice_query,2.873115505199,"{""bl_comparison"": -0.177972112642, ""general_message"": -0.68696463188, ""invoice_query"": 2.695143392557, ""new_si_request"": -0.699435472767, ""spam"": -1.130771175269}"
logistic_regression,email_459,2,bl_comparison,bl_comparison,2.155479732356,"{""bl_comparison"": 2.331488856552, ""general_message"": -1.109146966995, ""invoice_query"": 0.176009124196, ""new_si_request"": -0.237399466663, ""spam"": -1.16095154709}"
logistic_regression,email_460,3,general_message,general_message,2.014737528786,"{""bl_comparison"": -0.184829930307, ""general_message"": 1.829907598479, ""invoice_query"": -0.57996281208, ""new_si_request"": -0.62582578212, ""spam"": -0.439289073972}"
logistic_regression,email_461,2,invoice_query,invoice_query,2.884964302693,"{""bl_comparison"": -0.237951109749, ""general_message"": -0.843511274886, ""invoice_query"": 2.647013192944, ""new_si_request"": -0.550450088147, ""spam"": -1.015100720162}"
logistic_regression,email_462,5,bl_comparison,bl_comparison,2.27143657266,"{""bl_comparison"": 2.314322869804, ""general_message"": -0.947516300365, ""invoice_query"": 0.042886297144, ""new_si_request"": -0.36196011721, ""spam"": -1.047732749374}"
logistic_regression,email_463,4,general_message,general_message,3.168673007393,"{""bl_comparison"": -0.56152692572, ""general_message"": 2.615483242082, ""invoice_query"": -0.728813693309, ""new_si_request"": -0.771952857742, ""spam"": -0.553189765311}"
logistic_regression,email_464,5,general_message,general_message,3.083273040091,"{""bl_comparison"": -0.499141955992, ""general_message"": 2.584131084099, ""invoice_query"": -0.589235568967, ""new_si_request"": -0.828676407316, ""spam"": -0.667077151825}"
logistic_regression,email_465,4,bl_comparison,bl_comparison,1.769062404199,"{""bl_comparison"": 1.912465348342, ""general_message"": -0.554959420483, ""invoice_query"": 0.143402944143, ""new_si_request"": -0.410100218939, ""spam"": -1.090808653062}"
logistic_regression,email_466,5,new_si_request,new_si_request,2.997153875928,"{""bl_comparison"": -0.305560207121, ""general_message"": -0.869115765808, ""invoice_query"": -0.512365455161, ""new_si_request"": 2.691593668807, ""spam"": -1.004552240717}"
logistic_regression,email_467,3,new_si_request,new_si_request,1.828157478725,"{""bl_comparison"": 0.238808447266, ""general_message"": -0.94030371828, ""invoice_query"": -0.396367301035, ""new_si_request"": 2.066965925991, ""spam"": -0.969103353942}"
logistic_regression,email_468,5,bl_comparison,bl_comparison,2.746702315963,"{""bl_comparison"": 2.704950898438, ""general_message"": -1.119651860373, ""invoice_query"": -0.041751417525, ""new_si_request"": -0.363230363436, ""spam"": -1.180317257105}"
logistic_regression,email_469,5,new_si_request,new_si_request,2.253481015991,"{""bl_comparison"": 0.00120668353, ""general_message"": -0.75249670071, ""invoice_query"": -0.572168067226, ""new_si_request"": 2.254687699521, ""spam"": -0.931229615115}"
logistic_regression,email_470,4,spam,spam,3.00964294228,"{""bl_comparison"": -0.478575041837, ""general_message"": -0.489026806769, ""invoice_query"": -0.754176410431, ""new_si_request"": -0.809289641407, ""spam"": 2.531067900443}"
logistic_regression,email_471,1,invoice_query,invoice_query,2.506938419547,"{""bl_comparison"": -0.022627450388, ""general_message"": -0.695347208603, ""invoice_query"": 2.484310969159, ""new_si_request"": -0.636916269118, ""spam"": -1.12942004105}"
logistic_regression,email_472,1,invoice_query,invoice_query,2.505433795595,"{""bl_comparison"": -0.046198737616, ""general_message"": -0.758173212994, ""invoice_query"": 2.459235057979, ""new_si_request"": -0.601318667718, ""spam"": -1.05354443965}"
logistic_regression,email_473,4,invoice_query,invoice_query,2.825454172376,"{""bl_comparison"": -0.15309024839, ""general_message"": -0.679340477344, ""invoice_query"": 2.672363923986, ""new_si_request"": -0.720055794285, ""spam"": -1.119877403967}"
logistic_regression,email_474,4,bl_comparison,bl_comparison,3.132789908079,"{""bl_comparison"": 2.878978033804, ""general_message"": -1.015994190621, ""invoice_query"": -0.253811874275, ""new_si_request"": -0.567904585918, ""spam"": -1.041267382989}"
logistic_regression,email_475,3,new_si_request,new_si_request,3.041124120556,"{""bl_comparison"": -0.308554955916, ""general_message"": -0.886113126234, ""invoice_query"": -0.523557176953, ""new_si_request"": 2.73256916464, ""spam"": -1.014343905536}"
logistic_regression,email_476,3,bl_comparison,bl_comparison,1.728147309812,"{""bl_comparison"": 1.80898972685, ""general_message"": -0.57043678656, ""invoice_query"": 0.080842417038, ""new_si_request"": -0.325868264767, ""spam"": -0.993527092561}"
logistic_regression,email_477,5,new_si_request,new_si_request,2.03795580798,"{""bl_comparison"": 0.094266852682, ""general_message"": -0.832594396497, ""invoice_query"": -0.392918303951, ""new_si_request"": 2.132222660662, ""spam"": -1.000976812896}"
logistic_regression,email_478,3,new_si_request,new_si_request,3.059504069906,"{""bl_comparison"": -0.340483037272, ""general_message"": -0.883736189619, ""invoice_query"": -0.581784213441, ""new_si_request"": 2.719021032634, ""spam"": -0.913017592303}"
logistic_regression,email_479,1,bl_comparison,bl_comparison,2.621463776539,"{""bl_comparison"": 2.538591348977, ""general_message"": -1.009550856119, ""invoice_query"": -0.082872427562, ""new_si_request"": -0.311236753311, ""spam"": -1.134931311985}"
logistic_regression,email_480,4,bl_comparison,bl_comparison,2.035214268747,"{""bl_comparison"": 2.269621238741, ""general_message"": -1.080172346599, ""invoice_query"": 0.234406969994, ""new_si_request"": -0.22629783667, ""spam"": -1.197558025467}"
logistic_regression,email_481,2,bl_comparison,bl_comparison,2.678915931347,"{""bl_comparison"": 2.442328248656, ""general_message"": -0.951260714416, ""invoice_query"": -0.362176048305, ""new_si_request"": -0.236587682691, ""spam"": -0.892303803244}"
logistic_regression,email_482,2,bl_comparison,bl_comparison,3.126982804084,"{""bl_comparison"": 2.809707035091, ""general_message"": -1.085193426274, ""invoice_query"": -0.317275768993, ""new_si_request"": -0.418720258637, ""spam"": -0.988517581187}"
logistic_regression,email_483,5,bl_comparison,bl_comparison,2.51464894318,"{""bl_comparison"": 2.455998021194, ""general_message"": -1.076975390149, ""invoice_query"": -0.058650921986, ""new_si_request"": -0.206472204149, ""spam"": -1.11389950491}"
logistic_regression,email_484,1,new_si_request,new_si_request,2.160529355971,"{""bl_comparison"": 0.114358208179, ""general_message"": -0.911311523688, ""invoice_query"": -0.393366546942, ""new_si_request"": 2.27488756415, ""spam"": -1.084567701699}"
logistic_regression,email_485,1,new_si_request,new_si_request,3.148507114769,"{""bl_comparison"": -0.293229162381, ""general_message"": -0.885467188444, ""invoice_query"": -0.642345827875, ""new_si_request"": 2.855277952388, ""spam"": -1.034235773688}"
logistic_regression,email_486,2,bl_comparison,bl_comparison,3.014651259663,"{""bl_comparison"": 2.70381359378, ""general_message"": -1.038569972995, ""invoice_query"": -0.310837665883, ""new_si_request"": -0.389984818876, ""spam"": -0.964421136026}"
logistic_regression,email_487,1,new_si_request,new_si_request,2.023097598802,"{""bl_comparison"": 0.092608021921, ""general_message"": -0.792275773419, ""invoice_query"": -0.491822293002, ""new_si_request"": 2.115705620723, ""spam"": -0.924215576223}"
logistic_regression,email_488,1,general_message,general_message,2.663240337207,"{""bl_comparison"": -0.265613989827, ""general_message"": 2.39762634738, ""invoice_query"": -0.664128698838, ""new_si_request"": -0.793583235876, ""spam"": -0.674300422838}"
logistic_regression,email_489,3,spam,spam,2.59276177504,"{""bl_comparison"": -0.360721939397, ""general_message"": -0.469112877589, ""invoice_query"": -0.733880793397, ""new_si_request"": -0.66832422526, ""spam"": 2.232039835643}"
logistic_regression,email_490,5,invoice_query,invoice_query,2.044599419972,"{""bl_comparison"": 0.219963101119, ""general_message"": -0.904404414779, ""invoice_query"": 2.264562521091, ""new_si_request"": -0.512894589522, ""spam"": -1.067226617908}"
logistic_regression,email_491,4,bl_comparison,bl_comparison,3.129434570749,"{""bl_comparison"": 2.858796621474, ""general_message"": -1.127507107839, ""invoice_query"": -0.360603059334, ""new_si_request"": -0.270637949275, ""spam"": -1.100048505025}"
logistic_regression,email_492,2,invoice_query,invoice_query,2.517138095747,"{""bl_comparison"": -0.126272871012, ""general_message"": -0.799918604907, ""invoice_query"": 2.390865224735, ""new_si_request"": -0.477087766609, ""spam"": -0.987585982208}"
logistic_regression,email_493,3,bl_comparison,bl_comparison,2.933173109574,"{""bl_comparison"": 2.675162349461, ""general_message"": -1.130924768506, ""invoice_query"": -0.258010760113, ""new_si_request"": -0.276534308641, ""spam"": -1.0096925122}"
logistic_regression,email_494,3,bl_comparison,bl_comparison,3.130280611781,"{""bl_comparison"": 2.779310632022, ""general_message"": -1.080562710853, ""invoice_query"": -0.350969979759, ""new_si_request"": -0.387418482403, ""spam"": -0.960359459008}"
logistic_regression,email_495,2,bl_comparison,bl_comparison,1.940979314273,"{""bl_comparison"": 2.073784134203, ""general_message"": -0.979865772498, ""invoice_query"": 0.13280481993, ""new_si_request"": -0.162945772381, ""spam"": -1.063777409254}"
logistic_regression,email_496,5,bl_comparison,bl_comparison,2.016441306742,"{""bl_comparison"": 2.039368850822, ""general_message"": -0.993633475204, ""invoice_query"": 0.02292754408, ""new_si_request"": -0.055614415751, ""spam"": -1.013048503947}"
logistic_regression,email_497,4,invoice_query,invoice_query,2.137677559872,"{""bl_comparison"": 0.292312844036, ""general_message"": -1.071682570977, ""invoice_query"": 2.429990403908, ""new_si_request"": -0.445830231131, ""spam"": -1.204790445837}"
logistic_regression,email_498,2,bl_comparison,bl_comparison,2.540463462893,"{""bl_comparison"": 2.347720605232, ""general_message"": -0.828248051706, ""invoice_query"": -0.192742857661, ""new_si_request"": -0.194235493499, ""spam"": -1.132494202367}"
logistic_regression,email_499,4,bl_comparison,bl_comparison,3.01530045142,"{""bl_comparison"": 2.727515193347, ""general_message"": -1.091589403894, ""invoice_query"": -0.287785258073, ""new_si_request"": -0.297122456189, ""spam"": -1.05101807519}"
logistic_regression,email_500,2,invoice_query,invoice_query,1.881534150987,"{""bl_comparison"": 0.119079595566, ""general_message"": -0.72150518466, ""invoice_query"": 2.000613746553, ""new_si_request"": -0.423698529024, ""spam"": -0.974489628434}"
logistic_regression,email_501,4,bl_comparison,bl_comparison,1.865489840935,"{""bl_comparison"": 1.772163016811, ""general_message"": -0.093326824124, ""invoice_query"": -0.434376739837, ""new_si_request"": -0.650852753069, ""spam"": -0.593606699781}"
logistic_regression,email_502,2,bl_comparison,bl_comparison,1.688126509659,"{""bl_comparison"": 1.657631059426, ""general_message"": -0.030495450233, ""invoice_query"": -0.485159707955, ""new_si_request"": -0.613242651203, ""spam"": -0.528733250035}"
logistic_regression,email_503,1,bl_comparison,bl_comparison,1.405685561809,"{""bl_comparison"": 1.421170702234, ""general_message"": 0.015485140425, ""invoice_query"": -0.422308864288, ""new_si_request"": -0.54447069179, ""spam"": -0.469876286581}"
logistic_regression,email_504,4,bl_comparison,bl_comparison,1.522994443269,"{""bl_comparison"": 1.564478124262, ""general_message"": 0.041483680993, ""invoice_query"": -0.441973081643, ""new_si_request"": -0.616203230495, ""spam"": -0.547785493117}"
logistic_regression,email_505,3,bl_comparison,bl_comparison,1.468561085057,"{""bl_comparison"": 1.433747194271, ""general_message"": -0.034813890786, ""invoice_query"": -0.444691050489, ""new_si_request"": -0.523193256801, ""spam"": -0.431048996195}"
logistic_regression,email_506,5,bl_comparison,bl_comparison,1.151339327816,"{""bl_comparison"": 1.165042806859, ""general_message"": 0.013703479043, ""invoice_query"": -0.463435801758, ""new_si_request"": -0.464657523877, ""spam"": -0.250652960267}"
logistic_regression,email_507,1,bl_comparison,bl_comparison,1.920236499764,"{""bl_comparison"": 1.733162438955, ""general_message"": -0.187074060809, ""invoice_query"": -0.278199856069, ""new_si_request"": -0.679369010971, ""spam"": -0.588519511105}"
logistic_regression,email_508,3,bl_comparison,bl_comparison,1.08104335032,"{""bl_comparison"": 1.065620096187, ""general_message"": -0.015423254133, ""invoice_query"": -0.44071295683, ""new_si_request"": -0.369730187032, ""spam"": -0.239753698191}"
logistic_regression,email_509,3,bl_comparison,bl_comparison,1.635929411094,"{""bl_comparison"": 1.485369121919, ""general_message"": -0.150560289175, ""invoice_query"": -0.224335195118, ""new_si_request"": -0.598409058524, ""spam"": -0.512064579101}"
logistic_regression,email_510,4,bl_comparison,bl_comparison,1.326652211666,"{""bl_comparison"": 1.338848387673, ""general_message"": 0.012196176007, ""invoice_query"": -0.435400180542, ""new_si_request"": -0.696356390044, ""spam"": -0.219287993094}"
logistic_regression,email_511,5,bl_comparison,bl_comparison,1.820943561921,"{""bl_comparison"": 1.711352041498, ""general_message"": -0.109591520423, ""invoice_query"": -0.58088628326, ""new_si_request"": -0.646502001166, ""spam"": -0.374372236649}"
logistic_regression,email_512,1,bl_comparison,bl_comparison,1.624632272486,"{""bl_comparison"": 1.585851159573, ""general_message"": -0.038781112913, ""invoice_query"": -0.534261669121, ""new_si_request"": -0.574911212656, ""spam"": -0.437897164882}"
logistic_regression,email_513,5,bl_comparison,bl_comparison,1.454996993202,"{""bl_comparison"": 1.371719822298, ""general_message"": -0.083277170904, ""invoice_query"": -0.552208819493, ""new_si_request"": -0.361474101215, ""spam"": -0.374759730686}"
logistic_regression,email_514,5,bl_comparison,bl_comparison,1.228473578971,"{""bl_comparison"": 1.40278991805, ""general_message"": 0.174316339079, ""invoice_query"": -0.599662675628, ""new_si_request"": -0.596389331968, ""spam"": -0.381054249533}"
logistic_regression,email_515,1,bl_comparison,bl_comparison,1.626304376788,"{""bl_comparison"": 1.559758539096, ""general_message"": -0.066545837692, ""invoice_query"": -0.586834801454, ""new_si_request"": -0.506779232447, ""spam"": -0.399598667504}"
logistic_regression,email_516,3,bl_comparison,bl_comparison,1.969745094109,"{""bl_comparison"": 1.740228287763, ""general_message"": -0.229516806346, ""invoice_query"": -0.577862471637, ""new_si_request"": -0.525513653876, ""spam"": -0.407335355904}"
logistic_regression,email_517,1,bl_comparison,bl_comparison,2.078498944698,"{""bl_comparison"": 1.882898704421, ""general_message"": -0.195600240277, ""invoice_query"": -0.578388552904, ""new_si_request"": -0.650632178448, ""spam"": -0.458277732793}"
logistic_regression,email_518,4,bl_comparison,bl_comparison,1.698177526538,"{""bl_comparison"": 1.756835864549, ""general_message"": 0.058658338011, ""invoice_query"": -0.634913049046, ""new_si_request"": -0.740447342045, ""spam"": -0.440133811468}"
logistic_regression,email_519,2,bl_comparison,bl_comparison,1.73495050647,"{""bl_comparison"": 1.605792078113, ""general_message"": -0.129158428357, ""invoice_query"": -0.499107257963, ""new_si_request"": -0.646065094108, ""spam"": -0.331461297684}"
logistic_regression,email_520,2,bl_comparison,bl_comparison,1.802811931813,"{""bl_comparison"": 1.653345515565, ""general_message"": -0.149466416248, ""invoice_query"": -0.554533643658, ""new_si_request"": -0.605715236727, ""spam"": -0.343630218932}"
linear_svm,email_001,4,bl_comparison,bl_comparison,2.356813971205,"{""bl_comparison"": 1.290908570417, ""general_message"": -1.216029043629, ""invoice_query"": -1.071979503348, ""new_si_request"": -1.065905400788, ""spam"": -1.141165772782}"
linear_svm,email_002,1,invoice_query,invoice_query,1.82521788322,"{""bl_comparison"": -0.853857349325, ""general_message"": -1.085373531119, ""invoice_query"": 0.971360533895, ""new_si_request"": -1.001078964994, ""spam"": -1.066396577847}"
linear_svm,email_003,5,bl_comparison,bl_comparison,2.237848118188,"{""bl_comparison"": 1.265135658346, ""general_message"": -1.18226571508, ""invoice_query"": -0.972712459842, ""new_si_request"": -1.166870898939, ""spam"": -1.145291867413}"
linear_svm,email_004,2,bl_comparison,bl_comparison,2.187429134503,"{""bl_comparison"": 1.198106564959, ""general_message"": -1.195307639318, ""invoice_query"": -0.989322569544, ""new_si_request"": -1.047050429763, ""spam"": -1.159428536324}"
linear_svm,email_005,1,bl_comparison,bl_comparison,1.846024934959,"{""bl_comparison"": 0.886095347095, ""general_message"": -0.984161715052, ""invoice_query"": -0.959929587864, ""new_si_request"": -0.978955188772, ""spam"": -1.04742675387}"
linear_svm,email_006,1,bl_comparison,bl_comparison,1.733821980206,"{""bl_comparison"": 0.854275765191, ""general_message"": -1.021828630032, ""invoice_query"": -0.879546215015, ""new_si_request"": -0.982182759091, ""spam"": -1.071098141175}"
linear_svm,email_007,5,new_si_request,new_si_request,2.127502878041,"{""bl_comparison"": -1.151034013233, ""general_message"": -1.034694481258, ""invoice_query"": -0.990910446614, ""new_si_request"": 1.136592431427, ""spam"": -1.059901783869}"
linear_svm,email_008,4,new_si_request,new_si_request,1.749614050961,"{""bl_comparison"": -0.865721479625, ""general_message"": -1.044867405829, ""invoice_query"": -0.987225833498, ""new_si_request"": 0.883892571336, ""spam"": -1.056485044045}"
linear_svm,email_009,4,bl_comparison,bl_comparison,2.202180469723,"{""bl_comparison"": 1.18121102734, ""general_message"": -1.081560184554, ""invoice_query"": -1.020969442383, ""new_si_request"": -1.108053900482, ""spam"": -1.087089740171}"
linear_svm,email_010,3,invoice_query,invoice_query,1.290302656473,"{""bl_comparison"": -0.649026440729, ""general_message"": -1.023783890481, ""invoice_query"": 0.641276215744, ""new_si_request"": -0.938682400691, ""spam"": -1.038703339148}"
linear_svm,email_011,4,general_message,general_message,1.886297601944,"{""bl_comparison"": -0.946612446415, ""general_message"": 0.939685155529, ""invoice_query"": -0.981477407858, ""new_si_request"": -1.001607888066, ""spam"": -0.992255617677}"
linear_svm,email_012,5,general_message,general_message,2.093982800632,"{""bl_comparison"": -1.007007054693, ""general_message"": 1.104213942919, ""invoice_query"": -0.989768857713, ""new_si_request"": -1.044009731554, ""spam"": -1.026982620311}"
linear_svm,email_013,5,bl_comparison,bl_comparison,2.121090456671,"{""bl_comparison"": 1.121543654353, ""general_message"": -1.127865865914, ""invoice_query"": -0.999546802318, ""new_si_request"": -1.044953811657, ""spam"": -1.078577903073}"
linear_svm,email_014,5,new_si_request,new_si_request,2.098335169521,"{""bl_comparison"": -1.004363487378, ""general_message"": -1.053920504662, ""invoice_query"": -1.028655182602, ""new_si_request"": 1.093971682143, ""spam"": -1.073426654314}"
linear_svm,email_015,4,spam,spam,1.242366374564,"{""bl_comparison"": -0.765842454216, ""general_message"": -0.776876676477, ""invoice_query"": -0.941454956207, ""new_si_request"": -0.953382934003, ""spam"": 0.476523920348}"
linear_svm,email_016,4,bl_comparison,bl_comparison,1.681093172408,"{""bl_comparison"": 0.805340411657, ""general_message"": -1.069794404457, ""invoice_query"": -0.909454378075, ""new_si_request"": -0.875752760751, ""spam"": -1.059761197087}"
linear_svm,email_017,5,invoice_query,invoice_query,2.020018084009,"{""bl_comparison"": -0.979762108481, ""general_message"": -0.986155959871, ""invoice_query"": 1.040255975528, ""new_si_request"": -1.024654287969, ""spam"": -1.037221753631}"
linear_svm,email_018,1,bl_comparison,bl_comparison,1.932029947015,"{""bl_comparison"": 1.017855250513, ""general_message"": -1.168322142599, ""invoice_query"": -0.914174696502, ""new_si_request"": -0.942074347192, ""spam"": -1.140444786125}"
linear_svm,email_019,3,new_si_request,new_si_request,2.061825613775,"{""bl_comparison"": -1.088416247094, ""general_message"": -1.009347354456, ""invoice_query"": -1.025935423068, ""new_si_request"": 1.062510666557, ""spam"": -0.999314947218}"
linear_svm,email_020,2,new_si_request,new_si_request,2.095008366435,"{""bl_comparison"": -1.168830794419, ""general_message"": -0.961641250238, ""invoice_query"": -1.084914066746, ""new_si_request"": 1.133367116197, ""spam"": -0.971834453058}"
linear_svm,email_021,2,general_message,general_message,2.041111969779,"{""bl_comparison"": -0.998375644185, ""general_message"": 1.042736325594, ""invoice_query"": -1.000059398936, ""new_si_request"": -1.006982287803, ""spam"": -1.027965322714}"
linear_svm,email_022,2,new_si_request,new_si_request,2.184050745234,"{""bl_comparison"": -1.154063120765, ""general_message"": -1.032528539498, ""invoice_query"": -1.026512321139, ""new_si_request"": 1.157861669149, ""spam"": -1.026189076085}"
linear_svm,email_023,5,new_si_request,new_si_request,2.106481452341,"{""bl_comparison"": -1.064339465824, ""general_message"": -1.134947054325, ""invoice_query"": -0.959619844782, ""new_si_request"": 1.146861607559, ""spam"": -1.103037807438}"
linear_svm,email_024,1,invoice_query,invoice_query,1.676871804493,"{""bl_comparison"": -0.797331260054, ""general_message"": -1.085834523626, ""invoice_query"": 0.879540544439, ""new_si_request"": -0.948978843749, ""spam"": -1.100215131232}"
linear_svm,email_025,3,bl_comparison,bl_comparison,2.248545169849,"{""bl_comparison"": 1.211733793675, ""general_message"": -1.128244430328, ""invoice_query"": -1.091681432873, ""new_si_request"": -1.036811376174, ""spam"": -1.088156547546}"
linear_svm,email_026,2,spam,spam,2.034769654461,"{""bl_comparison"": -1.015215038034, ""general_message"": -0.995043335618, ""invoice_query"": -1.001309496477, ""new_si_request"": -0.99440291851, ""spam"": 1.040366735951}"
linear_svm,email_027,4,new_si_request,new_si_request,2.251776053268,"{""bl_comparison"": -1.164786861119, ""general_message"": -1.040309063847, ""invoice_query"": -1.042738290765, ""new_si_request"": 1.211466989421, ""spam"": -1.042678458645}"
linear_svm,email_028,5,new_si_request,new_si_request,1.600927506196,"{""bl_comparison"": -0.806814091069, ""general_message"": -1.031204471853, ""invoice_query"": -0.999591900896, ""new_si_request"": 0.794113415127, ""spam"": -1.031046171166}"
linear_svm,email_029,5,new_si_request,new_si_request,2.219353626227,"{""bl_comparison"": -1.158324812539, ""general_message"": -1.02870175571, ""invoice_query"": -1.063339361963, ""new_si_request"": 1.192593881762, ""spam"": -1.026759744465}"
linear_svm,email_030,2,new_si_request,new_si_request,1.643108471514,"{""bl_comparison"": -0.813972326661, ""general_message"": -1.087480470871, ""invoice_query"": -0.935337565855, ""new_si_request"": 0.829136144853, ""spam"": -1.081999187235}"
linear_svm,email_031,2,bl_comparison,bl_comparison,2.291994721467,"{""bl_comparison"": 1.229139187359, ""general_message"": -1.120897751941, ""invoice_query"": -1.066778746198, ""new_si_request"": -1.062855534108, ""spam"": -1.106186944066}"
linear_svm,email_032,4,bl_comparison,bl_comparison,2.072991917526,"{""bl_comparison"": 1.088198501472, ""general_message"": -1.150848667584, ""invoice_query"": -0.985806064034, ""new_si_request"": -0.984793416054, ""spam"": -1.109968267732}"
linear_svm,email_033,3,new_si_request,new_si_request,2.039581238894,"{""bl_comparison"": -1.100147215714, ""general_message"": -1.087778977554, ""invoice_query"": -0.953350387624, ""new_si_request"": 1.08623085127, ""spam"": -1.040161807651}"
linear_svm,email_034,3,bl_comparison,bl_comparison,2.259777187108,"{""bl_comparison"": 1.22582059029, ""general_message"": -1.139629785249, ""invoice_query"": -1.033956596818, ""new_si_request"": -1.079323054954, ""spam"": -1.12968909389}"
linear_svm,email_035,1,new_si_request,new_si_request,1.888834981703,"{""bl_comparison"": -1.026009119755, ""general_message"": -0.945139278211, ""invoice_query"": -1.036781443404, ""new_si_request"": 0.943695703492, ""spam"": -0.957271160932}"
linear_svm,email_036,2,bl_comparison,bl_comparison,1.771735097062,"{""bl_comparison"": 0.83643030928, ""general_message"": -0.962537568508, ""invoice_query"": -0.935304787782, ""new_si_request"": -0.989895749226, ""spam"": -1.055605085884}"
linear_svm,email_037,5,general_message,general_message,1.777079730726,"{""bl_comparison"": -0.935623177851, ""general_message"": 0.851569982108, ""invoice_query"": -0.925509748618, ""new_si_request"": -0.972015739439, ""spam"": -0.948995135141}"
linear_svm,email_038,5,bl_comparison,bl_comparison,2.006738707861,"{""bl_comparison"": 1.03601006929, ""general_message"": -1.091185885243, ""invoice_query"": -0.970728638571, ""new_si_request"": -1.047592141572, ""spam"": -1.054654761666}"
linear_svm,email_039,1,new_si_request,new_si_request,2.067578987418,"{""bl_comparison"": -1.094882060994, ""general_message"": -1.093536113153, ""invoice_query"": -0.961049514208, ""new_si_request"": 1.10652947321, ""spam"": -1.056128048983}"
linear_svm,email_040,3,bl_comparison,bl_comparison,1.917824139115,"{""bl_comparison"": 0.991721800022, ""general_message"": -1.076651194257, ""invoice_query"": -0.926102339093, ""new_si_request"": -1.014973379488, ""spam"": -1.076976516915}"
linear_svm,email_041,2,invoice_query,invoice_query,1.548560395822,"{""bl_comparison"": -0.710617501626, ""general_message"": -1.04567755783, ""invoice_query"": 0.837942894196, ""new_si_request"": -1.033488801874, ""spam"": -1.07147816772}"
linear_svm,email_042,3,new_si_request,new_si_request,1.795280719793,"{""bl_comparison"": -0.898216360051, ""general_message"": -1.044561284361, ""invoice_query"": -0.95944046212, ""new_si_request"": 0.897064359742, ""spam"": -1.071365374408}"
linear_svm,email_043,2,bl_comparison,bl_comparison,2.117187478126,"{""bl_comparison"": 1.144220625866, ""general_message"": -1.201081438437, ""invoice_query"": -0.97296685226, ""new_si_request"": -1.018266441522, ""spam"": -1.17049859659}"
linear_svm,email_044,3,bl_comparison,bl_comparison,2.256306363152,"{""bl_comparison"": 1.25974345751, ""general_message"": -1.167517537658, ""invoice_query"": -0.996562905642, ""new_si_request"": -1.080906189458, ""spam"": -1.169067226775}"
linear_svm,email_045,2,invoice_query,invoice_query,1.351313905306,"{""bl_comparison"": -0.672960912919, ""general_message"": -0.992598657304, ""invoice_query"": 0.678352992387, ""new_si_request"": -0.937472422425, ""spam"": -1.043425389003}"
linear_svm,email_046,4,bl_comparison,bl_comparison,2.240776505819,"{""bl_comparison"": 1.216918796198, ""general_message"": -1.156509899806, ""invoice_query"": -1.023857709621, ""new_si_request"": -1.074065603224, ""spam"": -1.118478387664}"
linear_svm,email_047,4,bl_comparison,bl_comparison,2.173207799777,"{""bl_comparison"": 1.147433811855, ""general_message"": -1.080711053719, ""invoice_query"": -1.025773987922, ""new_si_request"": -1.082494865469, ""spam"": -1.058769396585}"
linear_svm,email_048,1,invoice_query,invoice_query,2.095121905394,"{""bl_comparison"": -1.043469594637, ""general_message"": -1.049775516476, ""invoice_query"": 1.134901728596, ""new_si_request"": -0.960220176798, ""spam"": -1.083154620762}"
linear_svm,email_049,5,bl_comparison,bl_comparison,1.797700092267,"{""bl_comparison"": 0.848884348528, ""general_message"": -1.019006094565, ""invoice_query"": -0.948815743739, ""new_si_request"": -0.968842676955, ""spam"": -1.033496717845}"
linear_svm,email_050,4,bl_comparison,bl_comparison,1.637951148828,"{""bl_comparison"": 0.827879257376, ""general_message"": -1.098870972198, ""invoice_query"": -0.810071891452, ""new_si_request"": -0.986877576822, ""spam"": -1.042578567592}"
linear_svm,email_051,2,bl_comparison,bl_comparison,2.325403959676,"{""bl_comparison"": 1.290538565034, ""general_message"": -1.242122804453, ""invoice_query"": -1.079832248691, ""new_si_request"": -1.034865394642, ""spam"": -1.150705215165}"
linear_svm,email_052,1,bl_comparison,bl_comparison,2.130315169924,"{""bl_comparison"": 1.127973392451, ""general_message"": -1.088567882205, ""invoice_query"": -1.002341777473, ""new_si_request"": -1.090411153475, ""spam"": -1.061437293014}"
linear_svm,email_053,5,general_message,general_message,1.839723457942,"{""bl_comparison"": -0.928702007672, ""general_message"": 0.91102145027, ""invoice_query"": -0.98068896178, ""new_si_request"": -0.975436347212, ""spam"": -0.937500794223}"
linear_svm,email_054,5,new_si_request,new_si_request,1.905536351391,"{""bl_comparison"": -0.963229373526, ""general_message"": -0.996178609743, ""invoice_query"": -1.018955147005, ""new_si_request"": 0.942306977865, ""spam"": -0.995410479495}"
linear_svm,email_055,5,bl_comparison,bl_comparison,1.733884707546,"{""bl_comparison"": 0.835183109984, ""general_message"": -1.070114730381, ""invoice_query"": -0.943774994679, ""new_si_request"": -0.898701597562, ""spam"": -1.054568559884}"
linear_svm,email_056,4,bl_comparison,bl_comparison,2.354760329994,"{""bl_comparison"": 1.281836054183, ""general_message"": -1.191445999928, ""invoice_query"": -1.072924275811, ""new_si_request"": -1.081773120274, ""spam"": -1.118199799311}"
linear_svm,email_057,4,new_si_request,new_si_request,2.026046543017,"{""bl_comparison"": -1.120278186379, ""general_message"": -0.978732506425, ""invoice_query"": -1.034759375411, ""new_si_request"": 1.05622208068, ""spam"": -0.969824462337}"
linear_svm,email_058,4,bl_comparison,bl_comparison,2.135500028792,"{""bl_comparison"": 1.142777476394, ""general_message"": -1.127071572305, ""invoice_query"": -0.992722552398, ""new_si_request"": -1.048681183202, ""spam"": -1.099542661689}"
linear_svm,email_059,1,bl_comparison,bl_comparison,2.108736215974,"{""bl_comparison"": 1.141197897525, ""general_message"": -1.156497919347, ""invoice_query"": -0.967538318449, ""new_si_request"": -1.014331225446, ""spam"": -1.136047394248}"
linear_svm,email_060,2,invoice_query,invoice_query,2.1267669124,"{""bl_comparison"": -1.051192290935, ""general_message"": -1.01525876845, ""invoice_query"": 1.121700807463, ""new_si_request"": -1.005066104937, ""spam"": -1.048599003003}"
linear_svm,email_061,5,bl_comparison,bl_comparison,2.343971236952,"{""bl_comparison"": 1.26018402263, ""general_message"": -1.141598868264, ""invoice_query"": -1.091963194638, ""new_si_request"": -1.083787214322, ""spam"": -1.094613190561}"
linear_svm,email_062,2,invoice_query,invoice_query,2.050552269364,"{""bl_comparison"": -1.012513769919, ""general_message"": -1.006042846927, ""invoice_query"": 1.056164682266, ""new_si_request"": -0.994387587098, ""spam"": -1.040522912502}"
linear_svm,email_063,4,bl_comparison,bl_comparison,2.26368372257,"{""bl_comparison"": 1.233901366159, ""general_message"": -1.141503725214, ""invoice_query"": -1.029782356411, ""new_si_request"": -1.146669652913, ""spam"": -1.119299122453}"
linear_svm,email_064,4,bl_comparison,bl_comparison,2.370881750415,"{""bl_comparison"": 1.283963654977, ""general_message"": -1.094664405349, ""invoice_query"": -1.113553012669, ""new_si_request"": -1.098131203981, ""spam"": -1.086918095438}"
linear_svm,email_065,2,bl_comparison,bl_comparison,2.030240176029,"{""bl_comparison"": 1.065040946147, ""general_message"": -1.155899139706, ""invoice_query"": -0.968653313193, ""new_si_request"": -0.965199229882, ""spam"": -1.131978771806}"
linear_svm,email_066,3,bl_comparison,bl_comparison,2.038517463925,"{""bl_comparison"": 1.057854032252, ""general_message"": -1.131216580233, ""invoice_query"": -0.980663431673, ""new_si_request"": -1.020490677403, ""spam"": -1.117311567541}"
linear_svm,email_067,4,new_si_request,new_si_request,1.591113669038,"{""bl_comparison"": -0.844087060745, ""general_message"": -1.043450920125, ""invoice_query"": -0.876737860071, ""new_si_request"": 0.747026608293, ""spam"": -1.030948776445}"
linear_svm,email_068,1,bl_comparison,bl_comparison,2.323443977524,"{""bl_comparison"": 1.271368066389, ""general_message"": -1.146571323236, ""invoice_query"": -1.052075911135, ""new_si_request"": -1.098002985659, ""spam"": -1.145469084706}"
linear_svm,email_069,2,invoice_query,invoice_query,1.661339747485,"{""bl_comparison"": -0.813390707589, ""general_message"": -1.075414000848, ""invoice_query"": 0.847949039896, ""new_si_request"": -0.984453181426, ""spam"": -1.038096078978}"
linear_svm,email_070,2,general_message,general_message,1.799300663503,"{""bl_comparison"": -0.931696909888, ""general_message"": 0.867603753615, ""invoice_query"": -0.943897279312, ""new_si_request"": -0.981580086011, ""spam"": -0.947998708376}"
linear_svm,email_071,4,bl_comparison,bl_comparison,2.360301422262,"{""bl_comparison"": 1.268714419298, ""general_message"": -1.131227667644, ""invoice_query"": -1.098394963623, ""new_si_request"": -1.091587002964, ""spam"": -1.11325019959}"
linear_svm,email_072,3,spam,spam,1.970656580052,"{""bl_comparison"": -0.992183044724, ""general_message"": -0.994441585958, ""invoice_query"": -0.999414217159, ""new_si_request"": -0.979839814716, ""spam"": 0.990816765336}"
linear_svm,email_073,2,new_si_request,new_si_request,2.094936294636,"{""bl_comparison"": -1.017642995957, ""general_message"": -1.02897937014, ""invoice_query"": -1.063717280355, ""new_si_request"": 1.077293298679, ""spam"": -1.028465177128}"
linear_svm,email_074,3,invoice_query,invoice_query,2.226948208271,"{""bl_comparison"": -1.045951776583, ""general_message"": -1.071456991907, ""invoice_query"": 1.202542016264, ""new_si_request"": -1.024406192007, ""spam"": -1.073933511709}"
linear_svm,email_075,3,general_message,general_message,1.830327144002,"{""bl_comparison"": -0.988623925284, ""general_message"": 0.921196789907, ""invoice_query"": -0.969851666184, ""new_si_request"": -0.977991368629, ""spam"": -0.909130354095}"
linear_svm,email_076,5,general_message,general_message,2.022673705336,"{""bl_comparison"": -1.017473245728, ""general_message"": 1.057124552101, ""invoice_query"": -0.965549153235, ""new_si_request"": -1.016713880919, ""spam"": -1.040977976398}"
linear_svm,email_077,5,bl_comparison,bl_comparison,1.981499133045,"{""bl_comparison"": 1.017822186285, ""general_message"": -1.130290284591, ""invoice_query"": -0.966621078102, ""new_si_request"": -0.96367694676, ""spam"": -1.125697547193}"
linear_svm,email_078,5,invoice_query,invoice_query,2.213641048973,"{""bl_comparison"": -1.18891494781, ""general_message"": -1.02978422683, ""invoice_query"": 1.226579575148, ""new_si_request"": -0.987061473825, ""spam"": -1.031641391512}"
linear_svm,email_079,4,new_si_request,new_si_request,1.987260442925,"{""bl_comparison"": -1.059756388635, ""general_message"": -0.996466707768, ""invoice_query"": -0.99415990767, ""new_si_request"": 0.993100535255, ""spam"": -1.001308646855}"
linear_svm,email_080,3,bl_comparison,bl_comparison,2.017725108723,"{""bl_comparison"": 1.032236166991, ""general_message"": -1.118236495141, ""invoice_query"": -1.008891559095, ""new_si_request"": -0.985488941732, ""spam"": -1.101510924856}"
linear_svm,email_081,1,bl_comparison,bl_comparison,2.155846545844,"{""bl_comparison"": 1.164867388929, ""general_message"": -1.124538274151, ""invoice_query"": -0.990979156915, ""new_si_request"": -1.113454279189, ""spam"": -1.09838034025}"
linear_svm,email_082,1,bl_comparison,bl_comparison,2.306701999591,"{""bl_comparison"": 1.253518476764, ""general_message"": -1.053183522827, ""invoice_query"": -1.163906122085, ""new_si_request"": -1.061020841784, ""spam"": -1.072692799117}"
linear_svm,email_083,3,general_message,general_message,1.949680161007,"{""bl_comparison"": -0.990681649138, ""general_message"": 0.993795037561, ""invoice_query"": -0.955885123446, ""new_si_request"": -1.005598036346, ""spam"": -0.986958990505}"
linear_svm,email_084,5,new_si_request,new_si_request,2.008620834831,"{""bl_comparison"": -1.037904225132, ""general_message"": -1.11197696482, ""invoice_query"": -0.936981763602, ""new_si_request"": 1.071639071229, ""spam"": -1.066360057098}"
linear_svm,email_085,1,invoice_query,invoice_query,2.265593342417,"{""bl_comparison"": -1.144065437364, ""general_message"": -1.043381006238, ""invoice_query"": 1.237699258156, ""new_si_request"": -1.047243532315, ""spam"": -1.027894084261}"
linear_svm,email_086,4,general_message,general_message,1.943698957097,"{""bl_comparison"": -0.965970363111, ""general_message"": 0.977728593986, ""invoice_query"": -0.989409446466, ""new_si_request"": -0.994667204043, ""spam"": -1.007668176247}"
linear_svm,email_087,4,invoice_query,invoice_query,2.347242101019,"{""bl_comparison"": -1.212989324519, ""general_message"": -1.038136919331, ""invoice_query"": 1.309105181688, ""new_si_request"": -1.065069621809, ""spam"": -1.05809999165}"
linear_svm,email_088,1,bl_comparison,bl_comparison,2.16968698714,"{""bl_comparison"": 1.136906533311, ""general_message"": -1.032780453829, ""invoice_query"": -1.113411900076, ""new_si_request"": -1.060384860459, ""spam"": -1.042961979652}"
linear_svm,email_089,1,general_message,general_message,1.848188280114,"{""bl_comparison"": -0.907760896108, ""general_message"": 0.940427384006, ""invoice_query"": -1.005697856758, ""new_si_request"": -0.986077975353, ""spam"": -0.946955674566}"
linear_svm,email_090,1,bl_comparison,bl_comparison,2.244302752403,"{""bl_comparison"": 1.234543546654, ""general_message"": -1.106581120905, ""invoice_query"": -1.009759205749, ""new_si_request"": -1.16095149127, ""spam"": -1.075925821055}"
linear_svm,email_091,5,bl_comparison,bl_comparison,2.458949349819,"{""bl_comparison"": 1.384158058238, ""general_message"": -1.192169859501, ""invoice_query"": -1.151135058548, ""new_si_request"": -1.074791291581, ""spam"": -1.131753110749}"
linear_svm,email_092,4,bl_comparison,bl_comparison,1.942591701305,"{""bl_comparison"": 0.991822558924, ""general_message"": -1.085910579, ""invoice_query"": -0.987327940903, ""new_si_request"": -0.950769142381, ""spam"": -1.060382834277}"
linear_svm,email_093,3,new_si_request,new_si_request,1.957802213536,"{""bl_comparison"": -0.968691493829, ""general_message"": -1.022905090717, ""invoice_query"": -1.015458396485, ""new_si_request"": 0.989110719707, ""spam"": -1.059457716375}"
linear_svm,email_094,3,new_si_request,new_si_request,2.050343749989,"{""bl_comparison"": -1.067209293723, ""general_message"": -1.083386120163, ""invoice_query"": -0.9534096546, ""new_si_request"": 1.096934095389, ""spam"": -1.083176913606}"
linear_svm,email_095,2,bl_comparison,bl_comparison,1.929655357701,"{""bl_comparison"": 1.016390509649, ""general_message"": -1.087404044465, ""invoice_query"": -0.913264848052, ""new_si_request"": -1.048006754446, ""spam"": -1.072655811036}"
linear_svm,email_096,3,bl_comparison,bl_comparison,1.966805658557,"{""bl_comparison"": 1.057899987227, ""general_message"": -1.183487262433, ""invoice_query"": -0.984827649366, ""new_si_request"": -0.90890567133, ""spam"": -1.127043747877}"
linear_svm,email_097,3,bl_comparison,bl_comparison,1.862553251425,"{""bl_comparison"": 0.917473724105, ""general_message"": -0.98456443837, ""invoice_query"": -0.94507952732, ""new_si_request"": -1.041958472021, ""spam"": -1.080960952681}"
linear_svm,email_098,5,general_message,general_message,1.996748684836,"{""bl_comparison"": -1.012820062885, ""general_message"": 1.018572603713, ""invoice_query"": -0.978176081123, ""new_si_request"": -0.998131894752, ""spam"": -0.9953906015}"
linear_svm,email_099,3,invoice_query,invoice_query,1.334478191853,"{""bl_comparison"": -0.614705903158, ""general_message"": -1.073695890612, ""invoice_query"": 0.719772288695, ""new_si_request"": -0.973241719168, ""spam"": -1.069624886074}"
linear_svm,email_100,4,bl_comparison,bl_comparison,1.998746930599,"{""bl_comparison"": 1.020729121761, ""general_message"": -0.978017808838, ""invoice_query"": -1.04720506022, ""new_si_request"": -1.046366742167, ""spam"": -1.066614687229}"
linear_svm,email_101,5,new_si_request,new_si_request,1.681136999543,"{""bl_comparison"": -0.799203440389, ""general_message"": -1.071760331575, ""invoice_query"": -1.010480336827, ""new_si_request"": 0.881933559154, ""spam"": -1.082756043953}"
linear_svm,email_102,3,invoice_query,invoice_query,2.296031850745,"{""bl_comparison"": -1.209741253935, ""general_message"": -1.034074280083, ""invoice_query"": 1.262675613613, ""new_si_request"": -1.033356237132, ""spam"": -1.053384584087}"
linear_svm,email_103,2,new_si_request,new_si_request,1.487222365845,"{""bl_comparison"": -0.743834049705, ""general_message"": -1.060804780491, ""invoice_query"": -0.961713042601, ""new_si_request"": 0.74338831614, ""spam"": -1.067108548791}"
linear_svm,email_104,2,invoice_query,invoice_query,2.05821752795,"{""bl_comparison"": -1.003281477405, ""general_message"": -1.05852256373, ""invoice_query"": 1.091540127139, ""new_si_request"": -0.966677400811, ""spam"": -1.067069950041}"
linear_svm,email_105,4,bl_comparison,bl_comparison,1.972307045874,"{""bl_comparison"": 1.002109158573, ""general_message"": -1.096527825991, ""invoice_query"": -0.970197887301, ""new_si_request"": -0.984209475162, ""spam"": -1.105208618284}"
linear_svm,email_106,3,new_si_request,new_si_request,1.686718207647,"{""bl_comparison"": -0.880354804871, ""general_message"": -1.040669789997, ""invoice_query"": -0.929717679667, ""new_si_request"": 0.806363402776, ""spam"": -1.029348633075}"
linear_svm,email_107,5,bl_comparison,bl_comparison,2.003346400006,"{""bl_comparison"": 1.0568963108, ""general_message"": -1.12067038729, ""invoice_query"": -0.946450089206, ""new_si_request"": -1.04455368909, ""spam"": -1.065743874441}"
linear_svm,email_108,2,invoice_query,invoice_query,1.694057688122,"{""bl_comparison"": -0.861207981696, ""general_message"": -0.972290963267, ""invoice_query"": 0.832849706426, ""new_si_request"": -0.933421453452, ""spam"": -1.01325450754}"
linear_svm,email_109,5,bl_comparison,bl_comparison,2.230706846183,"{""bl_comparison"": 1.179954074148, ""general_message"": -1.118599993008, ""invoice_query"": -1.076617583821, ""new_si_request"": -1.065893431686, ""spam"": -1.050752772035}"
linear_svm,email_110,4,new_si_request,new_si_request,1.615900205983,"{""bl_comparison"": -0.846276330543, ""general_message"": -1.045010698188, ""invoice_query"": -0.91623094329, ""new_si_request"": 0.76962387544, ""spam"": -1.020930529726}"
linear_svm,email_111,1,bl_comparison,bl_comparison,2.115324051915,"{""bl_comparison"": 1.140683751179, ""general_message"": -1.141966756133, ""invoice_query"": -0.974640300736, ""new_si_request"": -1.057562778766, ""spam"": -1.116092746182}"
linear_svm,email_112,1,invoice_query,invoice_query,2.252935841466,"{""bl_comparison"": -1.140622335907, ""general_message"": -1.035415053495, ""invoice_query"": 1.219918331634, ""new_si_request"": -1.04517291814, ""spam"": -1.033017509832}"
linear_svm,email_113,3,bl_comparison,bl_comparison,2.245943172172,"{""bl_comparison"": 1.211597162162, ""general_message"": -1.090706113301, ""invoice_query"": -1.03434601001, ""new_si_request"": -1.10588667896, ""spam"": -1.10115557453}"
linear_svm,email_114,5,bl_comparison,bl_comparison,1.718126195254,"{""bl_comparison"": 0.799625502056, ""general_message"": -0.974328215359, ""invoice_query"": -0.937452987102, ""new_si_request"": -0.918500693198, ""spam"": -1.082029327654}"
linear_svm,email_115,3,invoice_query,invoice_query,2.431134400679,"{""bl_comparison"": -1.252659337361, ""general_message"": -1.057399144042, ""invoice_query"": 1.373735256637, ""new_si_request"": -1.061890312041, ""spam"": -1.079995678201}"
linear_svm,email_116,2,spam,spam,1.82608531376,"{""bl_comparison"": -0.919637628379, ""general_message"": -0.932613477105, ""invoice_query"": -0.954966976441, ""new_si_request"": -0.960638988508, ""spam"": 0.906447685381}"
linear_svm,email_117,4,general_message,general_message,1.826818669287,"{""bl_comparison"": -0.927567702279, ""general_message"": 0.899250967008, ""invoice_query"": -0.975942726263, ""new_si_request"": -0.98950103644, ""spam"": -0.957828830122}"
linear_svm,email_118,3,bl_comparison,bl_comparison,2.044218407746,"{""bl_comparison"": 1.068756081956, ""general_message"": -1.100578921502, ""invoice_query"": -1.016311789971, ""new_si_request"": -0.97546232579, ""spam"": -1.093187328207}"
linear_svm,email_119,2,bl_comparison,bl_comparison,2.059785741515,"{""bl_comparison"": 1.135672213856, ""general_message"": -1.137842630568, ""invoice_query"": -0.924113527659, ""new_si_request"": -1.072005712593, ""spam"": -1.12833920701}"
linear_svm,email_120,2,new_si_request,new_si_request,2.027091350583,"{""bl_comparison"": -1.090090534022, ""general_message"": -1.018358206593, ""invoice_query"": -0.974877660195, ""new_si_request"": 1.052213690388, ""spam"": -1.010678226875}"
linear_svm,email_121,2,bl_comparison,bl_comparison,2.348962602508,"{""bl_comparison"": 1.305799984376, ""general_message"": -1.174195928801, ""invoice_query"": -1.043162618132, ""new_si_request"": -1.086597982423, ""spam"": -1.147908091282}"
linear_svm,email_122,3,new_si_request,new_si_request,1.894009573898,"{""bl_comparison"": -0.958387115184, ""general_message"": -0.994629490182, ""invoice_query"": -1.019411464826, ""new_si_request"": 0.935622458714, ""spam"": -1.031058437529}"
linear_svm,email_123,4,spam,spam,1.959945300683,"{""bl_comparison"": -0.973302192799, ""general_message"": -0.975097522751, ""invoice_query"": -0.992327580718, ""new_si_request"": -0.979785415226, ""spam"": 0.986643107884}"
linear_svm,email_124,4,new_si_request,new_si_request,1.728014271614,"{""bl_comparison"": -0.891284328084, ""general_message"": -1.035566439774, ""invoice_query"": -0.944429762085, ""new_si_request"": 0.83672994353, ""spam"": -1.036616701577}"
linear_svm,email_125,4,new_si_request,new_si_request,2.108604809926,"{""bl_comparison"": -1.092901784063, ""general_message"": -1.008038998569, ""invoice_query"": -1.04654904474, ""new_si_request"": 1.100565811357, ""spam"": -1.013579056725}"
linear_svm,email_126,1,general_message,general_message,1.967032985156,"{""bl_comparison"": -0.982558308063, ""general_message"": 1.001547848632, ""invoice_query"": -1.020758969211, ""new_si_request"": -0.965485136524, ""spam"": -1.005075345393}"
linear_svm,email_127,2,new_si_request,new_si_request,1.864100421112,"{""bl_comparison"": -0.891192289233, ""general_message"": -1.042434701366, ""invoice_query"": -1.066513465909, ""new_si_request"": 0.972908131879, ""spam"": -1.0605253621}"
linear_svm,email_128,5,bl_comparison,bl_comparison,2.072065420939,"{""bl_comparison"": 1.154643999781, ""general_message"": -1.165628216652, ""invoice_query"": -0.917421421158, ""new_si_request"": -1.097778244652, ""spam"": -1.13637686545}"
linear_svm,email_129,2,bl_comparison,bl_comparison,2.356959686001,"{""bl_comparison"": 1.288909929915, ""general_message"": -1.1621048749, ""invoice_query"": -1.068049756086, ""new_si_request"": -1.086923867237, ""spam"": -1.126157365233}"
linear_svm,email_130,1,new_si_request,new_si_request,1.476657584782,"{""bl_comparison"": -0.752407232765, ""general_message"": -1.102436805727, ""invoice_query"": -0.880033114896, ""new_si_request"": 0.724250352017, ""spam"": -1.077647571718}"
linear_svm,email_131,1,new_si_request,new_si_request,2.356746759047,"{""bl_comparison"": -1.231323193986, ""general_message"": -1.080564741694, ""invoice_query"": -1.037640002343, ""new_si_request"": 1.319106756704, ""spam"": -1.059591274182}"
linear_svm,email_132,2,bl_comparison,bl_comparison,2.055033309836,"{""bl_comparison"": 1.079442963747, ""general_message"": -1.128551745033, ""invoice_query"": -0.975590346089, ""new_si_request"": -1.015005647617, ""spam"": -1.115934871522}"
linear_svm,email_133,4,bl_comparison,bl_comparison,2.166877265805,"{""bl_comparison"": 1.139207323369, ""general_message"": -1.101312261016, ""invoice_query"": -1.042868484317, ""new_si_request"": -1.027669942436, ""spam"": -1.091066653222}"
linear_svm,email_134,2,spam,spam,1.879640896609,"{""bl_comparison"": -0.932958963283, ""general_message"": -0.948636333164, ""invoice_query"": -0.967165308539, ""new_si_request"": -0.974060229478, ""spam"": 0.946681933326}"
linear_svm,email_135,3,new_si_request,new_si_request,1.799308714935,"{""bl_comparison"": -0.892477444658, ""general_message"": -1.010696625628, ""invoice_query"": -1.022088668282, ""new_si_request"": 0.906831270277, ""spam"": -1.043617349597}"
linear_svm,email_136,1,bl_comparison,bl_comparison,2.291458889491,"{""bl_comparison"": 1.227156969952, ""general_message"": -1.064301919539, ""invoice_query"": -1.127128711591, ""new_si_request"": -1.079558250932, ""spam"": -1.086442139307}"
linear_svm,email_137,2,new_si_request,new_si_request,2.288875634038,"{""bl_comparison"": -1.184443323621, ""general_message"": -1.023298140123, ""invoice_query"": -1.083573521768, ""new_si_request"": 1.265577493915, ""spam"": -1.042390952277}"
linear_svm,email_138,4,new_si_request,new_si_request,1.96805352329,"{""bl_comparison"": -1.006090701049, ""general_message"": -1.018143385369, ""invoice_query"": -0.989473452903, ""new_si_request"": 0.978580070387, ""spam"": -1.020296166534}"
linear_svm,email_139,1,invoice_query,invoice_query,2.321748283048,"{""bl_comparison"": -1.124675257825, ""general_message"": -1.058908361789, ""invoice_query"": 1.264552819211, ""new_si_request"": -1.057195463837, ""spam"": -1.059573188486}"
linear_svm,email_140,4,spam,spam,1.242366374564,"{""bl_comparison"": -0.765842454216, ""general_message"": -0.776876676477, ""invoice_query"": -0.941454956207, ""new_si_request"": -0.953382934003, ""spam"": 0.476523920348}"
linear_svm,email_141,5,bl_comparison,bl_comparison,2.082125836493,"{""bl_comparison"": 1.099444662166, ""general_message"": -1.079075977483, ""invoice_query"": -0.982681174327, ""new_si_request"": -1.087415015971, ""spam"": -1.061641214317}"
linear_svm,email_142,4,general_message,general_message,1.585930083056,"{""bl_comparison"": -0.866774061303, ""general_message"": 0.719156021753, ""invoice_query"": -0.906750555515, ""new_si_request"": -0.91777702959, ""spam"": -0.885069334568}"
linear_svm,email_143,1,bl_comparison,bl_comparison,2.55337150898,"{""bl_comparison"": 1.430609424519, ""general_message"": -1.206036543249, ""invoice_query"": -1.122762084461, ""new_si_request"": -1.143341489135, ""spam"": -1.137306025462}"
linear_svm,email_144,5,bl_comparison,bl_comparison,2.163327866115,"{""bl_comparison"": 1.201729638562, ""general_message"": -1.142230986439, ""invoice_query"": -0.961598227553, ""new_si_request"": -1.142936738623, ""spam"": -1.108202107825}"
linear_svm,email_145,2,bl_comparison,bl_comparison,2.216659934012,"{""bl_comparison"": 1.212657265122, ""general_message"": -1.181149412096, ""invoice_query"": -1.00400266889, ""new_si_request"": -1.031592383975, ""spam"": -1.146606739811}"
linear_svm,email_146,1,bl_comparison,bl_comparison,2.428309022158,"{""bl_comparison"": 1.328751706878, ""general_message"": -1.147156572632, ""invoice_query"": -1.09955731528, ""new_si_request"": -1.105401000191, ""spam"": -1.13435477319}"
linear_svm,email_147,3,general_message,general_message,1.957075114378,"{""bl_comparison"": -0.965382869592, ""general_message"": 0.991692244786, ""invoice_query"": -0.977396201436, ""new_si_request"": -1.020760118596, ""spam"": -0.997803440008}"
linear_svm,email_148,1,new_si_request,new_si_request,1.703841344397,"{""bl_comparison"": -0.911023339628, ""general_message"": -0.994606056291, ""invoice_query"": -0.942336511612, ""new_si_request"": 0.792818004769, ""spam"": -0.981463855071}"
linear_svm,email_149,3,new_si_request,new_si_request,2.310425911993,"{""bl_comparison"": -1.194920932684, ""general_message"": -1.046194879845, ""invoice_query"": -1.073185652213, ""new_si_request"": 1.271266494934, ""spam"": -1.039159417059}"
linear_svm,email_150,3,spam,spam,1.904133913888,"{""bl_comparison"": -0.95832658496, ""general_message"": -0.93733976264, ""invoice_query"": -0.977277244827, ""new_si_request"": -0.999304622984, ""spam"": 0.966794151248}"
linear_svm,email_151,2,new_si_request,new_si_request,1.621599398534,"{""bl_comparison"": -0.873349021814, ""general_message"": -0.991949460071, ""invoice_query"": -0.932206036987, ""new_si_request"": 0.74825037672, ""spam"": -0.981504796179}"
linear_svm,email_152,3,bl_comparison,bl_comparison,2.039110403713,"{""bl_comparison"": 1.046275293402, ""general_message"": -1.086061147985, ""invoice_query"": -1.040027518637, ""new_si_request"": -0.992835110311, ""spam"": -1.042244299895}"
linear_svm,email_153,2,general_message,general_message,1.995789767556,"{""bl_comparison"": -0.998587315636, ""general_message"": 1.024307904226, ""invoice_query"": -0.97148186333, ""new_si_request"": -0.99616102385, ""spam"": -0.992266878164}"
linear_svm,email_154,2,new_si_request,new_si_request,2.275088560726,"{""bl_comparison"": -1.201627795741, ""general_message"": -1.05460612411, ""invoice_query"": -1.039477078912, ""new_si_request"": 1.235611481814, ""spam"": -1.04659545474}"
linear_svm,email_155,4,invoice_query,invoice_query,2.170701055617,"{""bl_comparison"": -1.018543618122, ""general_message"": -1.065851377639, ""invoice_query"": 1.153997334512, ""new_si_request"": -1.016703721105, ""spam"": -1.057151006762}"
linear_svm,email_156,4,spam,spam,1.242366374564,"{""bl_comparison"": -0.765842454216, ""general_message"": -0.776876676477, ""invoice_query"": -0.941454956207, ""new_si_request"": -0.953382934003, ""spam"": 0.476523920348}"
linear_svm,email_157,5,new_si_request,new_si_request,1.702437519248,"{""bl_comparison"": -0.859481450376, ""general_message"": -1.048751687983, ""invoice_query"": -0.989178455847, ""new_si_request"": 0.842956068872, ""spam"": -1.01833921354}"
linear_svm,email_158,3,bl_comparison,bl_comparison,1.749060541973,"{""bl_comparison"": 0.840793993032, ""general_message"": -1.074523597142, ""invoice_query"": -0.908266548941, ""new_si_request"": -0.939442125672, ""spam"": -1.084082388407}"
linear_svm,email_159,5,general_message,general_message,2.022673705336,"{""bl_comparison"": -1.017473245728, ""general_message"": 1.057124552101, ""invoice_query"": -0.965549153235, ""new_si_request"": -1.016713880919, ""spam"": -1.040977976398}"
linear_svm,email_160,5,bl_comparison,bl_comparison,2.01548491219,"{""bl_comparison"": 1.048386319773, ""general_message"": -1.12416016488, ""invoice_query"": -1.012949554765, ""new_si_request"": -0.967098592417, ""spam"": -1.069660813944}"
linear_svm,email_161,3,bl_comparison,bl_comparison,1.580511882512,"{""bl_comparison"": 0.781050746826, ""general_message"": -1.071246040452, ""invoice_query"": -0.799461135686, ""new_si_request"": -0.958313538933, ""spam"": -1.058156505556}"
linear_svm,email_162,2,new_si_request,new_si_request,2.039312458339,"{""bl_comparison"": -1.083182375075, ""general_message"": -1.033160117882, ""invoice_query"": -0.97809025885, ""new_si_request"": 1.061222199489, ""spam"": -1.036180890445}"
linear_svm,email_163,4,new_si_request,new_si_request,1.989268378591,"{""bl_comparison"": -0.996140894583, ""general_message"": -1.048579467414, ""invoice_query"": -0.980416553932, ""new_si_request"": 1.008851824659, ""spam"": -1.055963095396}"
linear_svm,email_164,5,new_si_request,new_si_request,1.763474504211,"{""bl_comparison"": -0.938486888395, ""general_message"": -1.003481532676, ""invoice_query"": -0.92986582722, ""new_si_request"": 0.833608676991, ""spam"": -0.99054985238}"
linear_svm,email_165,3,invoice_query,invoice_query,1.411879072446,"{""bl_comparison"": -0.671330318019, ""general_message"": -1.054072910046, ""invoice_query"": 0.740548754427, ""new_si_request"": -0.963250024586, ""spam"": -1.056258281614}"
linear_svm,email_166,4,new_si_request,new_si_request,2.124698901622,"{""bl_comparison"": -1.025591812355, ""general_message"": -1.06089240424, ""invoice_query"": -1.025950193441, ""new_si_request"": 1.099107089267, ""spam"": -1.072764816217}"
linear_svm,email_167,4,bl_comparison,bl_comparison,2.343192612889,"{""bl_comparison"": 1.293147310652, ""general_message"": -1.206279953001, ""invoice_query"": -1.050045302237, ""new_si_request"": -1.101372885634, ""spam"": -1.148620025743}"
linear_svm,email_168,3,new_si_request,new_si_request,2.054625793002,"{""bl_comparison"": -1.158590588158, ""general_message"": -0.985681824418, ""invoice_query"": -1.003769411845, ""new_si_request"": 1.068943968584, ""spam"": -1.003088054349}"
linear_svm,email_169,3,invoice_query,invoice_query,1.752442208397,"{""bl_comparison"": -0.866309204421, ""general_message"": -1.045601429168, ""invoice_query"": 0.886133003976, ""new_si_request"": -0.94688758364, ""spam"": -1.072484831291}"
linear_svm,email_170,5,invoice_query,invoice_query,2.448107449873,"{""bl_comparison"": -1.294198382999, ""general_message"": -1.05396901119, ""invoice_query"": 1.417621464763, ""new_si_request"": -1.092844450642, ""spam"": -1.03048598511}"
linear_svm,email_171,5,bl_comparison,bl_comparison,1.825633217346,"{""bl_comparison"": 0.926698523707, ""general_message"": -1.086964068236, ""invoice_query"": -0.898934693639, ""new_si_request"": -0.99526275095, ""spam"": -1.04715595378}"
linear_svm,email_172,2,new_si_request,new_si_request,1.992324119192,"{""bl_comparison"": -1.02047080197, ""general_message"": -1.057106257873, ""invoice_query"": -0.964004142256, ""new_si_request"": 1.028319976936, ""spam"": -1.067620657054}"
linear_svm,email_173,1,general_message,general_message,2.055620968978,"{""bl_comparison"": -0.991638860011, ""general_message"": 1.063982108967, ""invoice_query"": -1.024415551304, ""new_si_request"": -1.002156623067, ""spam"": -1.021685173987}"
linear_svm,email_174,1,bl_comparison,bl_comparison,2.234014859703,"{""bl_comparison"": 1.241010856873, ""general_message"": -1.161973644377, ""invoice_query"": -0.99300400283, ""new_si_request"": -1.10775380992, ""spam"": -1.129983904701}"
linear_svm,email_175,4,bl_comparison,bl_comparison,2.478451542162,"{""bl_comparison"": 1.377611852279, ""general_message"": -1.184485229577, ""invoice_query"": -1.140123149994, ""new_si_request"": -1.100839689883, ""spam"": -1.139559087349}"
linear_svm,email_176,3,bl_comparison,bl_comparison,1.677035490738,"{""bl_comparison"": 0.79494504162, ""general_message"": -0.971881534782, ""invoice_query"": -0.882090449118, ""new_si_request"": -0.977189657155, ""spam"": -1.050818157854}"
linear_svm,email_177,2,new_si_request,new_si_request,2.043407072843,"{""bl_comparison"": -1.022108747216, ""general_message"": -1.012565831193, ""invoice_query"": -1.065191252024, ""new_si_request"": 1.051235785071, ""spam"": -0.992171287772}"
linear_svm,email_178,4,bl_comparison,bl_comparison,2.352078257022,"{""bl_comparison"": 1.313595633847, ""general_message"": -1.192106367849, ""invoice_query"": -1.144654181752, ""new_si_request"": -1.038482623175, ""spam"": -1.129270672196}"
linear_svm,email_179,4,invoice_query,invoice_query,1.884140354924,"{""bl_comparison"": -0.863404230875, ""general_message"": -1.073326633226, ""invoice_query"": 1.020736124049, ""new_si_request"": -1.035928838218, ""spam"": -1.090496674847}"
linear_svm,email_180,3,spam,spam,1.775722959523,"{""bl_comparison"": -0.929638447076, ""general_message"": -0.918144005248, ""invoice_query"": -0.951595424873, ""new_si_request"": -0.95965975307, ""spam"": 0.857578954275}"
linear_svm,email_181,1,new_si_request,new_si_request,1.860821333286,"{""bl_comparison"": -0.884507154944, ""general_message"": -1.037706140501, ""invoice_query"": -1.063194192485, ""new_si_request"": 0.976314178342, ""spam"": -1.046293005733}"
linear_svm,email_182,2,bl_comparison,bl_comparison,1.948291718986,"{""bl_comparison"": 0.992939244662, ""general_message"": -1.024248877175, ""invoice_query"": -0.955352474324, ""new_si_request"": -1.026030933564, ""spam"": -1.113001468727}"
linear_svm,email_183,4,new_si_request,new_si_request,2.085856042473,"{""bl_comparison"": -1.13280318101, ""general_message"": -0.994592761662, ""invoice_query"": -1.006236016154, ""new_si_request"": 1.091263280811, ""spam"": -1.002957282198}"
linear_svm,email_184,1,spam,spam,1.724071947844,"{""bl_comparison"": -0.896703300454, ""general_message"": -0.905246132231, ""invoice_query"": -0.967114916155, ""new_si_request"": -0.97676361228, ""spam"": 0.82736864739}"
linear_svm,email_185,3,general_message,general_message,1.652037415671,"{""bl_comparison"": -0.889020627506, ""general_message"": 0.763016788165, ""invoice_query"": -0.920637615566, ""new_si_request"": -0.976839262595, ""spam"": -0.9168249254}"
linear_svm,email_186,4,bl_comparison,bl_comparison,2.015536970789,"{""bl_comparison"": 1.034766653043, ""general_message"": -1.073201625133, ""invoice_query"": -1.016376052996, ""new_si_request"": -0.980770317746, ""spam"": -1.081709083175}"
linear_svm,email_187,2,bl_comparison,bl_comparison,1.791021500618,"{""bl_comparison"": 0.925791110719, ""general_message"": -1.100368977112, ""invoice_query"": -0.865230389899, ""new_si_request"": -0.99454419243, ""spam"": -1.096555638479}"
linear_svm,email_188,3,spam,spam,1.913777876177,"{""bl_comparison"": -0.952106887831, ""general_message"": -0.941405818971, ""invoice_query"": -0.96819082291, ""new_si_request"": -0.985071426884, ""spam"": 0.972372057206}"
linear_svm,email_189,3,bl_comparison,bl_comparison,1.864975016345,"{""bl_comparison"": 0.942284329618, ""general_message"": -1.129706172806, ""invoice_query"": -0.931484803701, ""new_si_request"": -0.922690686727, ""spam"": -1.109138729785}"
linear_svm,email_190,2,bl_comparison,bl_comparison,1.831535204084,"{""bl_comparison"": 0.902042334595, ""general_message"": -1.03718731467, ""invoice_query"": -0.929492869489, ""new_si_request"": -0.947430366682, ""spam"": -1.101208310554}"
linear_svm,email_191,1,invoice_query,invoice_query,1.003923548954,"{""bl_comparison"": -0.523329071753, ""general_message"": -1.041286118852, ""invoice_query"": 0.480594477201, ""new_si_request"": -0.851036187672, ""spam"": -1.0594729807}"
linear_svm,email_192,3,new_si_request,new_si_request,1.647993977702,"{""bl_comparison"": -0.813521916165, ""general_message"": -1.035681438719, ""invoice_query"": -0.993670219596, ""new_si_request"": 0.834472061537, ""spam"": -1.047214930091}"
linear_svm,email_193,1,new_si_request,new_si_request,1.797095747181,"{""bl_comparison"": -0.874875168667, ""general_message"": -1.094486374563, ""invoice_query"": -0.955809350007, ""new_si_request"": 0.922220578514, ""spam"": -1.064878440508}"
linear_svm,email_194,1,general_message,general_message,1.919009014279,"{""bl_comparison"": -0.979668736793, ""general_message"": 0.968334318975, ""invoice_query"": -1.005371298294, ""new_si_request"": -0.973787213082, ""spam"": -0.950674695304}"
linear_svm,email_195,3,bl_comparison,bl_comparison,1.963318058438,"{""bl_comparison"": 0.988757736439, ""general_message"": -0.974560321999, ""invoice_query"": -1.014433135983, ""new_si_request"": -1.065302118926, ""spam"": -1.120363901813}"
linear_svm,email_196,1,new_si_request,new_si_request,2.370815874736,"{""bl_comparison"": -1.208108972368, ""general_message"": -1.060650372811, ""invoice_query"": -1.060700781534, ""new_si_request"": 1.310165501925, ""spam"": -1.066738361629}"
linear_svm,email_197,3,bl_comparison,bl_comparison,2.112725161778,"{""bl_comparison"": 1.088652110332, ""general_message"": -1.030402562335, ""invoice_query"": -1.06554113462, ""new_si_request"": -1.024073051446, ""spam"": -1.103467374903}"
linear_svm,email_198,1,bl_comparison,bl_comparison,2.195673712365,"{""bl_comparison"": 1.175964469565, ""general_message"": -1.13397913725, ""invoice_query"": -1.0197092428, ""new_si_request"": -1.031786869229, ""spam"": -1.134034379666}"
linear_svm,email_199,5,bl_comparison,bl_comparison,2.235118787233,"{""bl_comparison"": 1.192616491185, ""general_message"": -1.114684715566, ""invoice_query"": -1.129212654604, ""new_si_request"": -1.042502296048, ""spam"": -1.047076962493}"
linear_svm,email_200,4,general_message,general_message,1.943698957097,"{""bl_comparison"": -0.965970363111, ""general_message"": 0.977728593986, ""invoice_query"": -0.989409446466, ""new_si_request"": -0.994667204043, ""spam"": -1.007668176247}"
linear_svm,email_201,5,new_si_request,new_si_request,2.175479253693,"{""bl_comparison"": -1.125975726925, ""general_message"": -1.01290581548, ""invoice_query"": -1.061594290288, ""new_si_request"": 1.162573438213, ""spam"": -1.015005345012}"
linear_svm,email_202,3,new_si_request,new_si_request,2.151838527929,"{""bl_comparison"": -1.104095880953, ""general_message"": -1.02207673936, ""invoice_query"": -1.042449576618, ""new_si_request"": 1.129761788569, ""spam"": -1.050431144767}"
linear_svm,email_203,3,invoice_query,invoice_query,2.335376780836,"{""bl_comparison"": -1.226619758515, ""general_message"": -1.035244044992, ""invoice_query"": 1.300132735844, ""new_si_request"": -1.05250113343, ""spam"": -1.056254477804}"
linear_svm,email_204,1,spam,spam,1.752638193875,"{""bl_comparison"": -0.891266675599, ""general_message"": -0.936779984478, ""invoice_query"": -0.973384581829, ""new_si_request"": -0.954704874252, ""spam"": 0.861371518276}"
linear_svm,email_205,2,new_si_request,new_si_request,1.970425138208,"{""bl_comparison"": -0.92963733529, ""general_message"": -1.061292850522, ""invoice_query"": -1.07473040996, ""new_si_request"": 1.040787802918, ""spam"": -1.078112879983}"
linear_svm,email_206,2,spam,spam,1.879361794036,"{""bl_comparison"": -0.955355722123, ""general_message"": -0.943880122219, ""invoice_query"": -0.983314618816, ""new_si_request"": -0.986286187059, ""spam"": 0.935481671817}"
linear_svm,email_207,2,bl_comparison,bl_comparison,1.924281486923,"{""bl_comparison"": 1.06010374215, ""general_message"": -1.177564715684, ""invoice_query"": -0.864177744773, ""new_si_request"": -1.037850182907, ""spam"": -1.181276952309}"
linear_svm,email_208,1,bl_comparison,bl_comparison,1.917052940538,"{""bl_comparison"": 0.959502823152, ""general_message"": -1.109415740891, ""invoice_query"": -0.998409158285, ""new_si_request"": -0.957550117386, ""spam"": -1.055005843035}"
linear_svm,email_209,2,new_si_request,new_si_request,2.093818806305,"{""bl_comparison"": -1.097767732184, ""general_message"": -1.015803621012, ""invoice_query"": -1.014256354368, ""new_si_request"": 1.079562451937, ""spam"": -1.039329182019}"
linear_svm,email_210,2,bl_comparison,bl_comparison,2.039607871103,"{""bl_comparison"": 1.065159786304, ""general_message"": -1.11426185933, ""invoice_query"": -0.974448084799, ""new_si_request"": -1.033252269305, ""spam"": -1.119051111795}"
linear_svm,email_211,1,invoice_query,invoice_query,1.806470848784,"{""bl_comparison"": -0.873392846771, ""general_message"": -1.074486970311, ""invoice_query"": 0.933078002013, ""new_si_request"": -0.979216838506, ""spam"": -1.04393724055}"
linear_svm,email_212,4,invoice_query,invoice_query,2.223750415337,"{""bl_comparison"": -1.195212763973, ""general_message"": -1.045412928127, ""invoice_query"": 1.234462175125, ""new_si_request"": -0.989288240212, ""spam"": -1.038299923622}"
linear_svm,email_213,2,general_message,general_message,1.744075892596,"{""bl_comparison"": -0.907621620379, ""general_message"": 0.836454272217, ""invoice_query"": -0.955715771587, ""new_si_request"": -0.972011624346, ""spam"": -0.931492656691}"
linear_svm,email_214,2,new_si_request,new_si_request,2.099553798925,"{""bl_comparison"": -1.107514841793, ""general_message"": -1.106733278154, ""invoice_query"": -0.949085833089, ""new_si_request"": 1.150467965836, ""spam"": -1.089145808654}"
linear_svm,email_215,1,spam,spam,1.784279632138,"{""bl_comparison"": -0.905831342387, ""general_message"": -0.914212295756, ""invoice_query"": -0.960731476635, ""new_si_request"": -0.956314330725, ""spam"": 0.878448289751}"
linear_svm,email_216,1,invoice_query,invoice_query,1.789955990533,"{""bl_comparison"": -0.87342569712, ""general_message"": -1.043604396978, ""invoice_query"": 0.916530293413, ""new_si_request"": -0.971490831372, ""spam"": -1.04861575393}"
linear_svm,email_217,4,new_si_request,new_si_request,1.912649502785,"{""bl_comparison"": -1.033559188229, ""general_message"": -0.991724366849, ""invoice_query"": -0.955086416363, ""new_si_request"": 0.957563086422, ""spam"": -0.997182936474}"
linear_svm,email_218,2,general_message,general_message,1.913460732064,"{""bl_comparison"": -0.986200090352, ""general_message"": 0.974952369303, ""invoice_query"": -0.988012004262, ""new_si_request"": -0.938508362761, ""spam"": -0.999020290462}"
linear_svm,email_219,2,general_message,general_message,1.981098844298,"{""bl_comparison"": -1.014093622062, ""general_message"": 1.013611864042, ""invoice_query"": -0.992660408891, ""new_si_request"": -0.98678526217, ""spam"": -0.967486980256}"
linear_svm,email_220,3,bl_comparison,bl_comparison,1.785214093343,"{""bl_comparison"": 0.868686001539, ""general_message"": -1.046761491977, ""invoice_query"": -0.965568082129, ""new_si_request"": -0.916528091804, ""spam"": -1.060038108623}"
linear_svm,email_221,4,new_si_request,new_si_request,1.793392262721,"{""bl_comparison"": -0.908401511941, ""general_message"": -1.019434835483, ""invoice_query"": -0.989563291013, ""new_si_request"": 0.88499075078, ""spam"": -1.031789922094}"
linear_svm,email_222,5,spam,spam,1.924172182773,"{""bl_comparison"": -0.983450194117, ""general_message"": -0.95334073137, ""invoice_query"": -0.980942136264, ""new_si_request"": -0.983704785885, ""spam"": 0.970831451403}"
linear_svm,email_223,3,bl_comparison,bl_comparison,1.990815232463,"{""bl_comparison"": 1.016555150654, ""general_message"": -1.062063049778, ""invoice_query"": -0.974260081809, ""new_si_request"": -1.024862136769, ""spam"": -1.073249796286}"
linear_svm,email_224,5,invoice_query,invoice_query,1.589569593709,"{""bl_comparison"": -0.775561664648, ""general_message"": -1.009796098583, ""invoice_query"": 0.814007929061, ""new_si_request"": -0.972125561565, ""spam"": -1.04557831549}"
linear_svm,email_225,3,bl_comparison,bl_comparison,2.045236912273,"{""bl_comparison"": 1.113343119416, ""general_message"": -1.162471238419, ""invoice_query"": -0.931893792857, ""new_si_request"": -1.069718733623, ""spam"": -1.131716204662}"
linear_svm,email_226,1,spam,spam,1.862795464392,"{""bl_comparison"": -0.927866578606, ""general_message"": -0.925452907196, ""invoice_query"": -0.971702607055, ""new_si_request"": -0.960334110998, ""spam"": 0.937342557196}"
linear_svm,email_227,1,bl_comparison,bl_comparison,2.310361481145,"{""bl_comparison"": 1.239628503096, ""general_message"": -1.071013238113, ""invoice_query"": -1.115978325654, ""new_si_request"": -1.070732978049, ""spam"": -1.119572607725}"
linear_svm,email_228,1,new_si_request,new_si_request,2.415326557786,"{""bl_comparison"": -1.321060346437, ""general_message"": -1.030084664567, ""invoice_query"": -1.070709020125, ""new_si_request"": 1.385241893219, ""spam"": -1.046846802734}"
linear_svm,email_229,5,bl_comparison,bl_comparison,2.159056871768,"{""bl_comparison"": 1.167572458029, ""general_message"": -1.143157521198, ""invoice_query"": -0.991484413739, ""new_si_request"": -1.085133240198, ""spam"": -1.137383128869}"
linear_svm,email_230,3,general_message,general_message,1.583213517402,"{""bl_comparison"": -0.8829438502, ""general_message"": 0.731204697903, ""invoice_query"": -0.93772501826, ""new_si_request"": -0.940757672071, ""spam"": -0.852008819499}"
linear_svm,email_231,2,spam,spam,1.879361794036,"{""bl_comparison"": -0.955355722123, ""general_message"": -0.943880122219, ""invoice_query"": -0.983314618816, ""new_si_request"": -0.986286187059, ""spam"": 0.935481671817}"
linear_svm,email_232,2,general_message,general_message,1.820665409117,"{""bl_comparison"": -0.941490158135, ""general_message"": 0.879175250982, ""invoice_query"": -0.986460364582, ""new_si_request"": -0.969717758929, ""spam"": -0.958466102369}"
linear_svm,email_233,3,new_si_request,new_si_request,2.03696791499,"{""bl_comparison"": -1.015402147444, ""general_message"": -1.080795634202, ""invoice_query"": -0.970795467931, ""new_si_request"": 1.066172447059, ""spam"": -1.083223416348}"
linear_svm,email_234,3,general_message,general_message,1.820830238793,"{""bl_comparison"": -0.932565650233, ""general_message"": 0.88826458856, ""invoice_query"": -0.981792837574, ""new_si_request"": -0.961182446441, ""spam"": -0.943304800275}"
linear_svm,email_235,1,bl_comparison,bl_comparison,2.145083107429,"{""bl_comparison"": 1.17320609191, ""general_message"": -1.156270835689, ""invoice_query"": -0.971877015519, ""new_si_request"": -1.043165986289, ""spam"": -1.142470999455}"
linear_svm,email_236,4,invoice_query,invoice_query,2.136909219977,"{""bl_comparison"": -1.015988919398, ""general_message"": -1.021605772141, ""invoice_query"": 1.120920300579, ""new_si_request"": -1.022840177139, ""spam"": -1.043649046378}"
linear_svm,email_237,1,bl_comparison,bl_comparison,2.202613670312,"{""bl_comparison"": 1.161917448306, ""general_message"": -1.102540981345, ""invoice_query"": -1.073797186525, ""new_si_request"": -1.054121327341, ""spam"": -1.040696222006}"
linear_svm,email_238,5,general_message,general_message,1.887276504528,"{""bl_comparison"": -0.957970134918, ""general_message"": 0.92930636961, ""invoice_query"": -0.976721232182, ""new_si_request"": -0.983538754377, ""spam"": -0.989598820057}"
linear_svm,email_239,2,bl_comparison,bl_comparison,2.127319986895,"{""bl_comparison"": 1.135553667278, ""general_message"": -1.131867932338, ""invoice_query"": -0.991766319617, ""new_si_request"": -1.030677001363, ""spam"": -1.119147593579}"
linear_svm,email_240,1,new_si_request,new_si_request,1.871387438324,"{""bl_comparison"": -1.009504807158, ""general_message"": -1.082249640055, ""invoice_query"": -0.895278184114, ""new_si_request"": 0.97610925421, ""spam"": -1.045989675431}"
linear_svm,email_241,3,general_message,general_message,1.817158629614,"{""bl_comparison"": -0.961783799276, ""general_message"": 0.872820184088, ""invoice_query"": -0.946808824194, ""new_si_request"": -0.95830082829, ""spam"": -0.944338445526}"
linear_svm,email_242,4,bl_comparison,bl_comparison,2.313735475839,"{""bl_comparison"": 1.254042588236, ""general_message"": -1.153038156213, ""invoice_query"": -1.094428499106, ""new_si_request"": -1.059692887603, ""spam"": -1.092772936543}"
linear_svm,email_243,4,bl_comparison,bl_comparison,1.866444308366,"{""bl_comparison"": 0.913538444026, ""general_message"": -0.95290586434, ""invoice_query"": -1.032756595556, ""new_si_request"": -0.983561587824, ""spam"": -1.044620177367}"
linear_svm,email_244,2,new_si_request,new_si_request,2.2365077325,"{""bl_comparison"": -1.098155479866, ""general_message"": -1.039036320043, ""invoice_query"": -1.092843186168, ""new_si_request"": 1.197471412457, ""spam"": -1.04199920352}"
linear_svm,email_245,1,new_si_request,new_si_request,1.589379762357,"{""bl_comparison"": -0.812023505863, ""general_message"": -1.052264015545, ""invoice_query"": -0.935132670917, ""new_si_request"": 0.777356256494, ""spam"": -1.059372785515}"
linear_svm,email_246,5,new_si_request,new_si_request,1.906766355667,"{""bl_comparison"": -1.049602961044, ""general_message"": -1.023901337782, ""invoice_query"": -0.933331045043, ""new_si_request"": 0.973435310624, ""spam"": -1.021608749025}"
linear_svm,email_247,1,bl_comparison,bl_comparison,1.800244589497,"{""bl_comparison"": 0.894966493845, ""general_message"": -1.081497735986, ""invoice_query"": -0.905278095652, ""new_si_request"": -0.955834439382, ""spam"": -1.067536501037}"
linear_svm,email_248,5,spam,spam,1.925962475075,"{""bl_comparison"": -0.965844907879, ""general_message"": -0.980200795023, ""invoice_query"": -0.970277660978, ""new_si_request"": -0.983766220778, ""spam"": 0.960117567196}"
linear_svm,email_249,5,bl_comparison,bl_comparison,2.104597090885,"{""bl_comparison"": 1.101532809191, ""general_message"": -1.074627533426, ""invoice_query"": -1.039289427063, ""new_si_request"": -1.003064281694, ""spam"": -1.108162712904}"
linear_svm,email_250,5,bl_comparison,bl_comparison,2.333822822062,"{""bl_comparison"": 1.254768832747, ""general_message"": -1.128470691879, ""invoice_query"": -1.097303869503, ""new_si_request"": -1.079053989315, ""spam"": -1.088577881946}"
linear_svm,email_251,1,new_si_request,new_si_request,2.07029692745,"{""bl_comparison"": -1.106642107758, ""general_message"": -0.990711820848, ""invoice_query"": -1.029278324709, ""new_si_request"": 1.079585106602, ""spam"": -1.000457297582}"
linear_svm,email_252,4,general_message,general_message,2.061704890411,"{""bl_comparison"": -1.018321898843, ""general_message"": 1.0743713518, ""invoice_query"": -1.023807591646, ""new_si_request"": -0.987333538611, ""spam"": -1.000924018867}"
linear_svm,email_253,2,spam,spam,1.879361794036,"{""bl_comparison"": -0.955355722123, ""general_message"": -0.943880122219, ""invoice_query"": -0.983314618816, ""new_si_request"": -0.986286187059, ""spam"": 0.935481671817}"
linear_svm,email_254,5,spam,spam,1.925962475075,"{""bl_comparison"": -0.965844907879, ""general_message"": -0.980200795023, ""invoice_query"": -0.970277660978, ""new_si_request"": -0.983766220778, ""spam"": 0.960117567196}"
linear_svm,email_255,4,general_message,general_message,1.858539028347,"{""bl_comparison"": -0.917283231433, ""general_message"": 0.941255796914, ""invoice_query"": -0.991882106857, ""new_si_request"": -1.004171424783, ""spam"": -0.979583134231}"
linear_svm,email_256,5,bl_comparison,bl_comparison,2.346839584072,"{""bl_comparison"": 1.313280870968, ""general_message"": -1.175777746042, ""invoice_query"": -1.033558713104, ""new_si_request"": -1.124205138514, ""spam"": -1.150999823724}"
linear_svm,email_257,2,new_si_request,new_si_request,1.88399726071,"{""bl_comparison"": -0.977074157041, ""general_message"": -0.988576256207, ""invoice_query"": -0.993149897645, ""new_si_request"": 0.906923103669, ""spam"": -1.015437752206}"
linear_svm,email_258,5,general_message,general_message,1.869561839968,"{""bl_comparison"": -0.935056003146, ""general_message"": 0.934505836822, ""invoice_query"": -0.959978404625, ""new_si_request"": -1.011956363768, ""spam"": -0.972152013193}"
linear_svm,email_259,4,bl_comparison,bl_comparison,1.928900229029,"{""bl_comparison"": 1.017944823943, ""general_message"": -1.143408749504, ""invoice_query"": -0.910955405086, ""new_si_request"": -0.979211458208, ""spam"": -1.128738985006}"
linear_svm,email_260,2,new_si_request,new_si_request,2.146422760992,"{""bl_comparison"": -1.037417104877, ""general_message"": -1.033515837921, ""invoice_query"": -1.072531233448, ""new_si_request"": 1.112906923071, ""spam"": -1.044978770103}"
linear_svm,email_261,1,bl_comparison,bl_comparison,1.991699288053,"{""bl_comparison"": 1.059246683087, ""general_message"": -1.079774899254, ""invoice_query"": -0.932452604966, ""new_si_request"": -1.113450071244, ""spam"": -1.102228888452}"
linear_svm,email_262,4,invoice_query,invoice_query,2.326249412233,"{""bl_comparison"": -1.20101930833, ""general_message"": -1.027107960927, ""invoice_query"": 1.299141451306, ""new_si_request"": -1.077804833798, ""spam"": -1.051883294298}"
linear_svm,email_263,5,bl_comparison,bl_comparison,1.792339825234,"{""bl_comparison"": 0.88574260363, ""general_message"": -1.054321174311, ""invoice_query"": -0.906597221604, ""new_si_request"": -0.954840850742, ""spam"": -1.066914366828}"
linear_svm,email_264,4,new_si_request,new_si_request,2.049232963737,"{""bl_comparison"": -1.117519485279, ""general_message"": -1.013016387881, ""invoice_query"": -0.988833118298, ""new_si_request"": 1.060399845439, ""spam"": -1.012673625838}"
linear_svm,email_265,3,bl_comparison,bl_comparison,2.110520315848,"{""bl_comparison"": 1.15972377005, ""general_message"": -1.166003849847, ""invoice_query"": -0.950796545798, ""new_si_request"": -1.117640530145, ""spam"": -1.129298413459}"
linear_svm,email_266,1,general_message,general_message,1.965594386239,"{""bl_comparison"": -0.956933071528, ""general_message"": 1.008661314711, ""invoice_query"": -1.005184979355, ""new_si_request"": -0.997601625345, ""spam"": -0.973606188801}"
linear_svm,email_267,3,spam,spam,1.970656580052,"{""bl_comparison"": -0.992183044724, ""general_message"": -0.994441585958, ""invoice_query"": -0.999414217159, ""new_si_request"": -0.979839814716, ""spam"": 0.990816765336}"
linear_svm,email_268,5,invoice_query,invoice_query,2.158385827439,"{""bl_comparison"": -1.138507477054, ""general_message"": -0.986085369789, ""invoice_query"": 1.17230045765, ""new_si_request"": -1.009217831998, ""spam"": -1.019183423287}"
linear_svm,email_269,4,invoice_query,invoice_query,2.268455858609,"{""bl_comparison"": -0.997512187139, ""general_message"": -1.083469640131, ""invoice_query"": 1.27094367147, ""new_si_request"": -1.098469043056, ""spam"": -1.10127789969}"
linear_svm,email_270,3,bl_comparison,bl_comparison,2.047788002047,"{""bl_comparison"": 1.080050044108, ""general_message"": -1.135722256297, ""invoice_query"": -0.985913132973, ""new_si_request"": -0.967737957939, ""spam"": -1.120647415335}"
linear_svm,email_271,2,bl_comparison,bl_comparison,1.7641940264,"{""bl_comparison"": 0.913461836563, ""general_message"": -1.112053208307, ""invoice_query"": -0.850732189837, ""new_si_request"": -0.975748946368, ""spam"": -1.101436106222}"
linear_svm,email_272,5,invoice_query,invoice_query,2.362162546145,"{""bl_comparison"": -1.224485859828, ""general_message"": -1.03399943927, ""invoice_query"": 1.328163106875, ""new_si_request"": -1.073608029116, ""spam"": -1.051503158161}"
linear_svm,email_273,1,bl_comparison,bl_comparison,2.156315536523,"{""bl_comparison"": 1.154273255329, ""general_message"": -1.150287166134, ""invoice_query"": -1.050037966368, ""new_si_request"": -1.002042281194, ""spam"": -1.103616884775}"
linear_svm,email_274,2,invoice_query,invoice_query,1.717688231539,"{""bl_comparison"": -0.838042720094, ""general_message"": -1.001024988635, ""invoice_query"": 0.879645511445, ""new_si_request"": -0.988519804774, ""spam"": -1.017077757972}"
linear_svm,email_275,2,bl_comparison,bl_comparison,2.174878938283,"{""bl_comparison"": 1.158280155034, ""general_message"": -1.162901386794, ""invoice_query"": -1.016598783249, ""new_si_request"": -1.022483959693, ""spam"": -1.112112212617}"
linear_svm,email_276,3,new_si_request,new_si_request,1.989008616314,"{""bl_comparison"": -1.073118702554, ""general_message"": -0.991171109604, ""invoice_query"": -0.985689946573, ""new_si_request"": 1.003318669741, ""spam"": -0.988472654349}"
linear_svm,email_277,3,new_si_request,new_si_request,1.951427167372,"{""bl_comparison"": -0.908093257044, ""general_message"": -1.089284169405, ""invoice_query"": -1.052416604444, ""new_si_request"": 1.043333910328, ""spam"": -1.113233861398}"
linear_svm,email_278,1,new_si_request,new_si_request,1.770488347561,"{""bl_comparison"": -0.89683884118, ""general_message"": -1.055157650609, ""invoice_query"": -0.930691274242, ""new_si_request"": 0.873649506381, ""spam"": -1.059799277757}"
linear_svm,email_279,5,new_si_request,new_si_request,1.420480361501,"{""bl_comparison"": -0.759623806341, ""general_message"": -1.041810505125, ""invoice_query"": -0.876068485832, ""new_si_request"": 0.66085655516, ""spam"": -1.030386467518}"
linear_svm,email_280,5,invoice_query,invoice_query,2.064093936829,"{""bl_comparison"": -0.93719339888, ""general_message"": -1.079700956728, ""invoice_query"": 1.126900537949, ""new_si_request"": -1.02570289793, ""spam"": -1.107345745144}"
linear_svm,email_281,2,bl_comparison,bl_comparison,1.815115035154,"{""bl_comparison"": 0.961258677321, ""general_message"": -1.112249262457, ""invoice_query"": -0.853856357833, ""new_si_request"": -0.999795317745, ""spam"": -1.124173838595}"
linear_svm,email_282,2,bl_comparison,bl_comparison,1.841717894607,"{""bl_comparison"": 0.930346818405, ""general_message"": -1.062657228984, ""invoice_query"": -0.911371076202, ""new_si_request"": -0.983605314222, ""spam"": -1.062466111064}"
linear_svm,email_283,5,new_si_request,new_si_request,2.008626367885,"{""bl_comparison"": -0.990696669641, ""general_message"": -1.071974543162, ""invoice_query"": -0.980628433504, ""new_si_request"": 1.027997934381, ""spam"": -1.044648680099}"
linear_svm,email_284,5,invoice_query,invoice_query,2.426492069106,"{""bl_comparison"": -1.202149655463, ""general_message"": -1.065439669456, ""invoice_query"": 1.36105239965, ""new_si_request"": -1.101516473637, ""spam"": -1.069993853026}"
linear_svm,email_285,2,invoice_query,invoice_query,1.67585787441,"{""bl_comparison"": -0.75945559418, ""general_message"": -1.105926964417, ""invoice_query"": 0.91640228023, ""new_si_request"": -1.009054716199, ""spam"": -1.090923778923}"
linear_svm,email_286,4,invoice_query,invoice_query,2.182926890983,"{""bl_comparison"": -1.074274981833, ""general_message"": -1.047658816508, ""invoice_query"": 1.163502535993, ""new_si_request"": -1.01942435499, ""spam"": -1.038579277254}"
linear_svm,email_287,2,invoice_query,invoice_query,1.562495554209,"{""bl_comparison"": -0.766673816774, ""general_message"": -1.062773656491, ""invoice_query"": 0.795821737435, ""new_si_request"": -0.933040645032, ""spam"": -1.069801891314}"
linear_svm,email_288,3,bl_comparison,bl_comparison,1.755840420358,"{""bl_comparison"": 0.826581885031, ""general_message"": -0.977274311957, ""invoice_query"": -0.929258535327, ""new_si_request"": -0.966436306434, ""spam"": -1.060874318518}"
linear_svm,email_289,3,new_si_request,new_si_request,2.175401007096,"{""bl_comparison"": -1.101300613524, ""general_message"": -1.10046539222, ""invoice_query"": -1.003438821976, ""new_si_request"": 1.17196218512, ""spam"": -1.069525509051}"
linear_svm,email_290,3,new_si_request,new_si_request,2.03266724321,"{""bl_comparison"": -1.068977962835, ""general_message"": -1.002205255775, ""invoice_query"": -1.003825568041, ""new_si_request"": 1.030461987435, ""spam"": -1.007778556528}"
linear_svm,email_291,1,bl_comparison,bl_comparison,2.097039848957,"{""bl_comparison"": 1.106153355402, ""general_message"": -1.132183458224, ""invoice_query"": -1.032147353235, ""new_si_request"": -0.990886493555, ""spam"": -1.106052613595}"
linear_svm,email_292,5,bl_comparison,bl_comparison,1.67164811186,"{""bl_comparison"": 0.826068532543, ""general_message"": -1.074240472129, ""invoice_query"": -0.845579579317, ""new_si_request"": -0.972375503855, ""spam"": -1.050198367741}"
linear_svm,email_293,2,new_si_request,new_si_request,1.855720204013,"{""bl_comparison"": -1.082599718253, ""general_message"": -1.09822272217, ""invoice_query"": -0.846224738075, ""new_si_request"": 1.009495465938, ""spam"": -1.073273956613}"
linear_svm,email_294,1,general_message,general_message,2.017980666153,"{""bl_comparison"": -0.975275039034, ""general_message"": 1.042705627119, ""invoice_query"": -1.023669156489, ""new_si_request"": -1.000973633141, ""spam"": -1.017836718562}"
linear_svm,email_295,4,new_si_request,new_si_request,1.825465894298,"{""bl_comparison"": -0.969901513806, ""general_message"": -0.960714967004, ""invoice_query"": -1.003200795277, ""new_si_request"": 0.866912901175, ""spam"": -0.958552993123}"
linear_svm,email_296,3,bl_comparison,bl_comparison,2.136424181329,"{""bl_comparison"": 1.150922374702, ""general_message"": -1.192361892902, ""invoice_query"": -0.985501806627, ""new_si_request"": -0.998263670423, ""spam"": -1.148738515588}"
linear_svm,email_297,5,general_message,general_message,1.839089720857,"{""bl_comparison"": -0.976815693733, ""general_message"": 0.890721127547, ""invoice_query"": -0.94836859331, ""new_si_request"": -0.962525112773, ""spam"": -0.957882960396}"
linear_svm,email_298,1,invoice_query,invoice_query,1.576219516326,"{""bl_comparison"": -0.826888207389, ""general_message"": -0.960342462492, ""invoice_query"": 0.749331308937, ""new_si_request"": -0.904053589047, ""spam"": -1.040875255071}"
linear_svm,email_299,3,bl_comparison,bl_comparison,2.050557173581,"{""bl_comparison"": 1.135163813722, ""general_message"": -1.128876632062, ""invoice_query"": -0.915393359859, ""new_si_request"": -1.157284801567, ""spam"": -1.123676085301}"
linear_svm,email_300,2,bl_comparison,bl_comparison,1.988279501797,"{""bl_comparison"": 1.001065486991, ""general_message"": -1.085813030843, ""invoice_query"": -0.987214014806, ""new_si_request"": -1.005796038522, ""spam"": -1.055957679927}"
linear_svm,email_301,3,bl_comparison,bl_comparison,1.829476834966,"{""bl_comparison"": 0.911377806526, ""general_message"": -1.093810144245, ""invoice_query"": -0.91809902844, ""new_si_request"": -0.982316022438, ""spam"": -1.099600931632}"
linear_svm,email_302,2,bl_comparison,bl_comparison,1.784955420809,"{""bl_comparison"": 0.864962845553, ""general_message"": -1.003172369639, ""invoice_query"": -0.919992575256, ""new_si_request"": -0.976714302259, ""spam"": -1.052303526639}"
linear_svm,email_303,1,invoice_query,invoice_query,2.380420004063,"{""bl_comparison"": -1.263814122617, ""general_message"": -1.031442495463, ""invoice_query"": 1.3489775086, ""new_si_request"": -1.079961782934, ""spam"": -1.03269885785}"
linear_svm,email_304,3,invoice_query,invoice_query,1.813006318251,"{""bl_comparison"": -0.892926484792, ""general_message"": -1.04579040168, ""invoice_query"": 0.920079833459, ""new_si_request"": -0.95431846012, ""spam"": -1.072083591148}"
linear_svm,email_305,3,bl_comparison,bl_comparison,1.832525930475,"{""bl_comparison"": 0.875671348242, ""general_message"": -0.956854582233, ""invoice_query"": -0.964119723884, ""new_si_request"": -1.022331766441, ""spam"": -1.090287075818}"
linear_svm,email_306,4,new_si_request,new_si_request,1.753099502336,"{""bl_comparison"": -0.899736166656, ""general_message"": -0.999947055418, ""invoice_query"": -0.989493623245, ""new_si_request"": 0.85336333568, ""spam"": -1.009901574285}"
linear_svm,email_307,1,bl_comparison,bl_comparison,2.26476914124,"{""bl_comparison"": 1.198881315622, ""general_message"": -1.103438018677, ""invoice_query"": -1.069996780034, ""new_si_request"": -1.065887825618, ""spam"": -1.077761104021}"
linear_svm,email_308,5,new_si_request,new_si_request,2.275762619353,"{""bl_comparison"": -1.200427613087, ""general_message"": -1.039544904582, ""invoice_query"": -1.040810757192, ""new_si_request"": 1.236217714771, ""spam"": -1.058155302051}"
linear_svm,email_309,3,bl_comparison,bl_comparison,1.725869879531,"{""bl_comparison"": 0.852762281797, ""general_message"": -1.07669838196, ""invoice_query"": -0.873107597734, ""new_si_request"": -0.968634528222, ""spam"": -1.109397465279}"
linear_svm,email_310,5,new_si_request,new_si_request,1.88054636568,"{""bl_comparison"": -0.918995305838, ""general_message"": -1.057376818853, ""invoice_query"": -1.004196906619, ""new_si_request"": 0.961551059842, ""spam"": -1.056234086147}"
linear_svm,email_311,3,new_si_request,new_si_request,1.930240362014,"{""bl_comparison"": -1.108228616956, ""general_message"": -0.977737712122, ""invoice_query"": -0.954613719312, ""new_si_request"": 0.975626642702, ""spam"": -0.989814072331}"
linear_svm,email_312,2,bl_comparison,bl_comparison,2.260074296066,"{""bl_comparison"": 1.270011498337, ""general_message"": -1.152018625825, ""invoice_query"": -0.990062797729, ""new_si_request"": -1.123237154017, ""spam"": -1.121604502238}"
linear_svm,email_313,3,bl_comparison,bl_comparison,2.060035133955,"{""bl_comparison"": 1.079066772749, ""general_message"": -1.153802694971, ""invoice_query"": -1.004141747061, ""new_si_request"": -0.980968361206, ""spam"": -1.116953062962}"
linear_svm,email_314,2,invoice_query,invoice_query,2.348477807947,"{""bl_comparison"": -1.210744221964, ""general_message"": -1.024201068329, ""invoice_query"": 1.324276739618, ""new_si_request"": -1.062810787705, ""spam"": -1.057053277702}"
linear_svm,email_315,5,spam,spam,1.869990670379,"{""bl_comparison"": -0.93647980947, ""general_message"": -0.950501140336, ""invoice_query"": -0.970686076191, ""new_si_request"": -0.970233613773, ""spam"": 0.933510860909}"
linear_svm,email_316,4,invoice_query,invoice_query,2.179054297604,"{""bl_comparison"": -1.056652951965, ""general_message"": -1.075036601112, ""invoice_query"": 1.185813931121, ""new_si_request"": -0.993240366483, ""spam"": -1.071462936554}"
linear_svm,email_317,5,new_si_request,new_si_request,2.206421875215,"{""bl_comparison"": -1.030191740437, ""general_message"": -1.07947128792, ""invoice_query"": -1.061265771801, ""new_si_request"": 1.176230134778, ""spam"": -1.09723213026}"
linear_svm,email_318,1,bl_comparison,bl_comparison,2.067767043692,"{""bl_comparison"": 1.041428325694, ""general_message"": -1.046920170642, ""invoice_query"": -1.026338717998, ""new_si_request"": -1.039873490059, ""spam"": -1.038693730849}"
linear_svm,email_319,4,bl_comparison,bl_comparison,1.945404422845,"{""bl_comparison"": 0.943783035919, ""general_message"": -1.001621386926, ""invoice_query"": -1.033549513423, ""new_si_request"": -1.002249272307, ""spam"": -1.051620802106}"
linear_svm,email_320,4,new_si_request,new_si_request,1.747782196249,"{""bl_comparison"": -0.953851564365, ""general_message"": -1.030408106383, ""invoice_query"": -0.904155473585, ""new_si_request"": 0.843626722664, ""spam"": -1.001140118176}"
linear_svm,email_321,4,bl_comparison,bl_comparison,2.050948578813,"{""bl_comparison"": 1.071348510715, ""general_message"": -1.139134118359, ""invoice_query"": -0.988991066323, ""new_si_request"": -0.979600068098, ""spam"": -1.108817743898}"
linear_svm,email_322,1,new_si_request,new_si_request,1.587857390577,"{""bl_comparison"": -0.808026758326, ""general_message"": -1.101436281003, ""invoice_query"": -0.861592617754, ""new_si_request"": 0.779830632251, ""spam"": -1.098230584796}"
linear_svm,email_323,5,general_message,general_message,1.833514051451,"{""bl_comparison"": -0.968639941432, ""general_message"": 0.884487239874, ""invoice_query"": -0.960167512087, ""new_si_request"": -0.967325188286, ""spam"": -0.949026811577}"
linear_svm,email_324,5,bl_comparison,bl_comparison,2.340763035738,"{""bl_comparison"": 1.265224718947, ""general_message"": -1.131637462383, ""invoice_query"": -1.078209773067, ""new_si_request"": -1.075538316791, ""spam"": -1.111167089527}"
linear_svm,email_325,2,general_message,general_message,1.689817707767,"{""bl_comparison"": -0.95126113938, ""general_message"": 0.828028227897, ""invoice_query"": -0.86178947987, ""new_si_request"": -0.977474772231, ""spam"": -0.952802591101}"
linear_svm,email_326,2,bl_comparison,bl_comparison,1.860114808315,"{""bl_comparison"": 0.972560396534, ""general_message"": -1.0653191549, ""invoice_query"": -0.887554411781, ""new_si_request"": -1.040500356691, ""spam"": -1.061671811627}"
linear_svm,email_327,4,new_si_request,new_si_request,1.658067346544,"{""bl_comparison"": -0.835096127768, ""general_message"": -1.070115313295, ""invoice_query"": -0.913470802014, ""new_si_request"": 0.822971218776, ""spam"": -1.070927549195}"
linear_svm,email_328,3,general_message,general_message,1.562283956362,"{""bl_comparison"": -0.843532825538, ""general_message"": 0.718751130824, ""invoice_query"": -0.938178301378, ""new_si_request"": -0.958854984479, ""spam"": -0.911126602807}"
linear_svm,email_329,5,spam,spam,1.860381515916,"{""bl_comparison"": -0.942123536832, ""general_message"": -0.95064678867, ""invoice_query"": -0.967420329778, ""new_si_request"": -0.962677227183, ""spam"": 0.918257979084}"
linear_svm,email_330,4,general_message,general_message,1.466380741994,"{""bl_comparison"": -0.820398068774, ""general_message"": 0.64598267322, ""invoice_query"": -0.914198813712, ""new_si_request"": -0.89659789991, ""spam"": -0.852933025944}"
linear_svm,email_331,2,invoice_query,invoice_query,2.199015552225,"{""bl_comparison"": -1.031504985723, ""general_message"": -1.024384740923, ""invoice_query"": 1.174630811302, ""new_si_request"": -1.061758408271, ""spam"": -1.074833080236}"
linear_svm,email_332,1,general_message,general_message,2.017980666153,"{""bl_comparison"": -0.975275039034, ""general_message"": 1.042705627119, ""invoice_query"": -1.023669156489, ""new_si_request"": -1.000973633141, ""spam"": -1.017836718562}"
linear_svm,email_333,4,general_message,general_message,1.390330103259,"{""bl_comparison"": -0.818283482576, ""general_message"": 0.572046620683, ""invoice_query"": -0.909221020559, ""new_si_request"": -0.84613584023, ""spam"": -0.83949401289}"
linear_svm,email_334,5,bl_comparison,bl_comparison,2.476909560909,"{""bl_comparison"": 1.383821703105, ""general_message"": -1.17437935517, ""invoice_query"": -1.133022944326, ""new_si_request"": -1.093087857804, ""spam"": -1.150524303776}"
linear_svm,email_335,2,bl_comparison,bl_comparison,1.898854735645,"{""bl_comparison"": 1.000447127314, ""general_message"": -1.125478806046, ""invoice_query"": -0.898407608331, ""new_si_request"": -1.008752651025, ""spam"": -1.108029606786}"
linear_svm,email_336,1,new_si_request,new_si_request,1.955417677171,"{""bl_comparison"": -1.067009147174, ""general_message"": -0.953271287969, ""invoice_query"": -1.042852318391, ""new_si_request"": 1.002146389202, ""spam"": -0.972323703518}"
linear_svm,email_337,4,bl_comparison,bl_comparison,1.684574461604,"{""bl_comparison"": 0.834650958086, ""general_message"": -1.102330365735, ""invoice_query"": -0.849923503518, ""new_si_request"": -0.949296052421, ""spam"": -1.048661885668}"
linear_svm,email_338,2,new_si_request,new_si_request,2.046933862033,"{""bl_comparison"": -1.004193615193, ""general_message"": -1.006706466119, ""invoice_query"": -1.087108273367, ""new_si_request"": 1.04274024684, ""spam"": -1.011937656084}"
linear_svm,email_339,4,new_si_request,new_si_request,1.903613391839,"{""bl_comparison"": -1.000599774707, ""general_message"": -0.996794927891, ""invoice_query"": -0.978941838614, ""new_si_request"": 0.924671553225, ""spam"": -1.012425592996}"
linear_svm,email_340,5,general_message,general_message,2.028560626813,"{""bl_comparison"": -1.016778855536, ""general_message"": 1.040565033992, ""invoice_query"": -0.987995592821, ""new_si_request"": -1.011025739524, ""spam"": -1.00759395957}"
linear_svm,email_341,3,bl_comparison,bl_comparison,1.774442272916,"{""bl_comparison"": 0.914381154483, ""general_message"": -1.084459678916, ""invoice_query"": -0.860061118433, ""new_si_request"": -0.97904213894, ""spam"": -1.105352560237}"
linear_svm,email_342,4,bl_comparison,bl_comparison,2.372535714443,"{""bl_comparison"": 1.284332795547, ""general_message"": -1.138486923885, ""invoice_query"": -1.111556345635, ""new_si_request"": -1.088202918896, ""spam"": -1.103065029501}"
linear_svm,email_343,4,bl_comparison,bl_comparison,1.743797733176,"{""bl_comparison"": 0.864717082765, ""general_message"": -1.100724624301, ""invoice_query"": -0.879080650411, ""new_si_request"": -0.960501155392, ""spam"": -1.038111297698}"
linear_svm,email_344,1,new_si_request,new_si_request,2.133811799827,"{""bl_comparison"": -1.064184904184, ""general_message"": -1.038156021669, ""invoice_query"": -1.01848696008, ""new_si_request"": 1.115324839747, ""spam"": -1.04268045349}"
linear_svm,email_345,1,spam,spam,1.862795464392,"{""bl_comparison"": -0.927866578606, ""general_message"": -0.925452907196, ""invoice_query"": -0.971702607055, ""new_si_request"": -0.960334110998, ""spam"": 0.937342557196}"
linear_svm,email_346,1,general_message,general_message,1.863300054775,"{""bl_comparison"": -0.952031312375, ""general_message"": 0.918488943313, ""invoice_query"": -0.944811111462, ""new_si_request"": -1.0019724062, ""spam"": -0.978559268834}"
linear_svm,email_347,2,general_message,general_message,1.881112646084,"{""bl_comparison"": -1.014461108454, ""general_message"": 0.966192807933, ""invoice_query"": -0.914919838151, ""new_si_request"": -0.981418039975, ""spam"": -0.988958742714}"
linear_svm,email_348,2,bl_comparison,bl_comparison,1.921761483249,"{""bl_comparison"": 0.993287880938, ""general_message"": -1.077944930267, ""invoice_query"": -1.028758546748, ""new_si_request"": -0.928473602311, ""spam"": -1.058342947414}"
linear_svm,email_349,5,bl_comparison,bl_comparison,2.232221488112,"{""bl_comparison"": 1.170020353752, ""general_message"": -1.06220113436, ""invoice_query"": -1.080117051684, ""new_si_request"": -1.083196592507, ""spam"": -1.082687957302}"
linear_svm,email_350,5,bl_comparison,bl_comparison,1.998450627259,"{""bl_comparison"": 1.005273058831, ""general_message"": -1.057710213269, ""invoice_query"": -0.993177568428, ""new_si_request"": -1.036004235405, ""spam"": -1.047765361913}"
linear_svm,email_351,2,bl_comparison,bl_comparison,2.082211356407,"{""bl_comparison"": 1.122930711612, ""general_message"": -1.228558415214, ""invoice_query"": -0.959280644795, ""new_si_request"": -1.000919730351, ""spam"": -1.120783849954}"
linear_svm,email_352,2,new_si_request,new_si_request,2.165368804689,"{""bl_comparison"": -1.099372787278, ""general_message"": -1.024213680203, ""invoice_query"": -1.067050889689, ""new_si_request"": 1.142374262715, ""spam"": -1.022994541974}"
linear_svm,email_353,1,new_si_request,new_si_request,2.170460662171,"{""bl_comparison"": -1.173955942333, ""general_message"": -1.039253581902, ""invoice_query"": -0.985304450797, ""new_si_request"": 1.185156211374, ""spam"": -1.050662087156}"
linear_svm,email_354,1,bl_comparison,bl_comparison,2.149513198255,"{""bl_comparison"": 1.119761882752, ""general_message"": -1.149997740167, ""invoice_query"": -1.029751315503, ""new_si_request"": -1.038529763115, ""spam"": -1.078293572562}"
linear_svm,email_355,3,invoice_query,invoice_query,1.389746125127,"{""bl_comparison"": -0.65190064812, ""general_message"": -1.053493031604, ""invoice_query"": 0.737845477007, ""new_si_request"": -0.964915804417, ""spam"": -1.079849204883}"
linear_svm,email_356,2,general_message,general_message,1.71694103289,"{""bl_comparison"": -0.895740879253, ""general_message"": 0.821200153637, ""invoice_query"": -0.914339583302, ""new_si_request"": -0.994641947055, ""spam"": -0.956249713417}"
linear_svm,email_357,5,new_si_request,new_si_request,1.706322741594,"{""bl_comparison"": -0.828531376669, ""general_message"": -1.045203761131, ""invoice_query"": -1.000976792036, ""new_si_request"": 0.877791364925, ""spam"": -1.070071700333}"
linear_svm,email_358,4,new_si_request,new_si_request,2.310046472029,"{""bl_comparison"": -1.147649296943, ""general_message"": -1.049279434144, ""invoice_query"": -1.085759992752, ""new_si_request"": 1.260767037885, ""spam"": -1.054450359284}"
linear_svm,email_359,3,new_si_request,new_si_request,2.027251761704,"{""bl_comparison"": -0.993998343994, ""general_message"": -1.117124224909, ""invoice_query"": -0.957715832067, ""new_si_request"": 1.069535929637, ""spam"": -1.098543160774}"
linear_svm,email_360,5,new_si_request,new_si_request,2.115921526085,"{""bl_comparison"": -1.068799356407, ""general_message"": -1.057103142413, ""invoice_query"": -1.000823942132, ""new_si_request"": 1.115097583953, ""spam"": -1.051872540418}"
linear_svm,email_361,5,bl_comparison,bl_comparison,2.304729869451,"{""bl_comparison"": 1.285198691651, ""general_message"": -1.180923807489, ""invoice_query"": -1.0195311778, ""new_si_request"": -1.070500690607, ""spam"": -1.15897490658}"
linear_svm,email_362,1,new_si_request,new_si_request,2.127584109311,"{""bl_comparison"": -1.098543568119, ""general_message"": -1.011853839285, ""invoice_query"": -1.059073110986, ""new_si_request"": 1.12555036045, ""spam"": -1.002033748861}"
linear_svm,email_363,4,spam,spam,1.889723042362,"{""bl_comparison"": -0.949710530966, ""general_message"": -0.938971137741, ""invoice_query"": -1.012963149983, ""new_si_request"": -0.963680416471, ""spam"": 0.950751904621}"
linear_svm,email_364,2,bl_comparison,bl_comparison,2.108087614153,"{""bl_comparison"": 1.140460590508, ""general_message"": -1.100027513681, ""invoice_query"": -0.967627023645, ""new_si_request"": -1.094584518369, ""spam"": -1.112815110743}"
linear_svm,email_365,3,spam,spam,1.871403718862,"{""bl_comparison"": -0.93375721442, ""general_message"": -0.950490391055, ""invoice_query"": -0.981072243449, ""new_si_request"": -0.958373836106, ""spam"": 0.937646504442}"
linear_svm,email_366,3,general_message,general_message,2.021173599382,"{""bl_comparison"": -1.003962466916, ""general_message"": 1.049232053021, ""invoice_query"": -0.971941546361, ""new_si_request"": -1.034746281159, ""spam"": -1.040044991289}"
linear_svm,email_367,5,bl_comparison,bl_comparison,2.364946654273,"{""bl_comparison"": 1.2845237086, ""general_message"": -1.124961864522, ""invoice_query"": -1.092476073956, ""new_si_request"": -1.132887125981, ""spam"": -1.080422945673}"
linear_svm,email_368,5,new_si_request,new_si_request,1.895967323228,"{""bl_comparison"": -0.916408418279, ""general_message"": -1.113208524, ""invoice_query"": -0.936764975483, ""new_si_request"": 0.979558904949, ""spam"": -1.109204979984}"
linear_svm,email_369,3,invoice_query,invoice_query,1.362127180912,"{""bl_comparison"": -0.639698112812, ""general_message"": -1.059991840128, ""invoice_query"": 0.7224290681, ""new_si_request"": -0.977010643351, ""spam"": -1.048643550087}"
linear_svm,email_370,1,new_si_request,new_si_request,2.151325842261,"{""bl_comparison"": -1.158978418125, ""general_message"": -1.005297187478, ""invoice_query"": -1.031547862653, ""new_si_request"": 1.158123493711, ""spam"": -0.99320234855}"
linear_svm,email_371,5,new_si_request,new_si_request,1.399348756682,"{""bl_comparison"": -0.75008715882, ""general_message"": -1.033661403261, ""invoice_query"": -0.873519117782, ""new_si_request"": 0.649261597862, ""spam"": -1.015570304459}"
linear_svm,email_372,5,invoice_query,invoice_query,2.206792972071,"{""bl_comparison"": -1.096775884894, ""general_message"": -1.006709228757, ""invoice_query"": 1.200083743314, ""new_si_request"": -1.046223283939, ""spam"": -1.029636631218}"
linear_svm,email_373,4,invoice_query,invoice_query,2.243993672962,"{""bl_comparison"": -1.014350133923, ""general_message"": -1.096802700328, ""invoice_query"": 1.229643539039, ""new_si_request"": -1.022473859465, ""spam"": -1.119577726877}"
linear_svm,email_374,5,invoice_query,invoice_query,2.329721173494,"{""bl_comparison"": -1.131343295428, ""general_message"": -1.022255576862, ""invoice_query"": 1.307465596632, ""new_si_request"": -1.080767758126, ""spam"": -1.075594074549}"
linear_svm,email_375,5,invoice_query,invoice_query,2.268572701224,"{""bl_comparison"": -1.167104418578, ""general_message"": -1.035594998494, ""invoice_query"": 1.249870353354, ""new_si_request"": -1.01870234787, ""spam"": -1.040733408955}"
linear_svm,email_376,4,new_si_request,new_si_request,1.81838520262,"{""bl_comparison"": -1.042573018464, ""general_message"": -1.007998410329, ""invoice_query"": -0.918154765005, ""new_si_request"": 0.900230437615, ""spam"": -0.983530947409}"
linear_svm,email_377,2,bl_comparison,bl_comparison,1.94984847685,"{""bl_comparison"": 1.014354438793, ""general_message"": -1.07868166543, ""invoice_query"": -0.935494038057, ""new_si_request"": -1.036001261894, ""spam"": -1.083932931509}"
linear_svm,email_378,3,bl_comparison,bl_comparison,2.256944448461,"{""bl_comparison"": 1.24688067296, ""general_message"": -1.158602746321, ""invoice_query"": -1.010063775501, ""new_si_request"": -1.080604008384, ""spam"": -1.147297186709}"
linear_svm,email_379,2,bl_comparison,bl_comparison,2.165751596897,"{""bl_comparison"": 1.151693742962, ""general_message"": -1.135565611571, ""invoice_query"": -1.014057853935, ""new_si_request"": -1.02703298332, ""spam"": -1.113929859439}"
linear_svm,email_380,5,new_si_request,new_si_request,2.251063024793,"{""bl_comparison"": -1.190057523766, ""general_message"": -1.047262492893, ""invoice_query"": -1.021121713379, ""new_si_request"": 1.229941311414, ""spam"": -1.043348648943}"
linear_svm,email_381,3,bl_comparison,bl_comparison,1.878375190071,"{""bl_comparison"": 0.978472491635, ""general_message"": -1.138167290829, ""invoice_query"": -0.899902698436, ""new_si_request"": -0.953358272372, ""spam"": -1.129674837584}"
linear_svm,email_382,3,spam,spam,1.903910453936,"{""bl_comparison"": -0.94600567134, ""general_message"": -0.945446881155, ""invoice_query"": -1.000236643832, ""new_si_request"": -0.973755310327, ""spam"": 0.958463572781}"
linear_svm,email_383,2,bl_comparison,bl_comparison,2.216284487232,"{""bl_comparison"": 1.200437731294, ""general_message"": -1.109950294404, ""invoice_query"": -1.015846755938, ""new_si_request"": -1.107306850294, ""spam"": -1.103846772825}"
linear_svm,email_384,1,bl_comparison,bl_comparison,2.400575993718,"{""bl_comparison"": 1.35775746833, ""general_message"": -1.202943325559, ""invoice_query"": -1.042818525388, ""new_si_request"": -1.172242182906, ""spam"": -1.158531511334}"
linear_svm,email_385,3,bl_comparison,bl_comparison,2.082151122251,"{""bl_comparison"": 1.079180859316, ""general_message"": -1.115175018696, ""invoice_query"": -1.002970262935, ""new_si_request"": -1.005353354925, ""spam"": -1.144595269413}"
linear_svm,email_386,3,invoice_query,invoice_query,1.909874742557,"{""bl_comparison"": -0.89022254738, ""general_message"": -1.082131703285, ""invoice_query"": 1.019652195177, ""new_si_request"": -1.01608013157, ""spam"": -1.083432529077}"
linear_svm,email_387,5,spam,spam,1.860381515916,"{""bl_comparison"": -0.942123536832, ""general_message"": -0.95064678867, ""invoice_query"": -0.967420329778, ""new_si_request"": -0.962677227183, ""spam"": 0.918257979084}"
linear_svm,email_388,2,new_si_request,new_si_request,1.899125552062,"{""bl_comparison"": -0.948810081704, ""general_message"": -1.028997102514, ""invoice_query"": -1.016005629819, ""new_si_request"": 0.950315470358, ""spam"": -1.026858380378}"
linear_svm,email_389,4,invoice_query,invoice_query,2.06654595789,"{""bl_comparison"": -1.03323399124, ""general_message"": -0.984646949564, ""invoice_query"": 1.081899008326, ""new_si_request"": -1.009610883303, ""spam"": -1.040064972333}"
linear_svm,email_390,5,spam,spam,1.907331045004,"{""bl_comparison"": -0.967927065428, ""general_message"": -0.941951460233, ""invoice_query"": -1.027176316175, ""new_si_request"": -0.978661759822, ""spam"": 0.965379584771}"
linear_svm,email_391,4,bl_comparison,bl_comparison,2.120548944014,"{""bl_comparison"": 1.130474352856, ""general_message"": -1.15058601362, ""invoice_query"": -0.990074591158, ""new_si_request"": -0.998095871298, ""spam"": -1.143362323743}"
linear_svm,email_392,4,spam,spam,1.165969308518,"{""bl_comparison"": -0.743825322317, ""general_message"": -0.758570509431, ""invoice_query"": -0.902584516953, ""new_si_request"": -0.940933081297, ""spam"": 0.422143986201}"
linear_svm,email_393,4,new_si_request,new_si_request,1.925573929075,"{""bl_comparison"": -0.959504711668, ""general_message"": -1.040875227693, ""invoice_query"": -1.009006096489, ""new_si_request"": 0.966069217407, ""spam"": -1.029368745892}"
linear_svm,email_394,1,general_message,general_message,1.804483981372,"{""bl_comparison"": -0.936266303212, ""general_message"": 0.86821767816, ""invoice_query"": -0.957611006026, ""new_si_request"": -0.977255268557, ""spam"": -0.953946892193}"
linear_svm,email_395,4,spam,spam,1.959945300683,"{""bl_comparison"": -0.973302192799, ""general_message"": -0.975097522751, ""invoice_query"": -0.992327580718, ""new_si_request"": -0.979785415226, ""spam"": 0.986643107884}"
linear_svm,email_396,1,general_message,general_message,1.895418658442,"{""bl_comparison"": -0.977439988692, ""general_message"": 0.938395788021, ""invoice_query"": -0.990558032652, ""new_si_request"": -0.96490375761, ""spam"": -0.957022870421}"
linear_svm,email_397,2,new_si_request,new_si_request,2.054149977576,"{""bl_comparison"": -1.118372470362, ""general_message"": -0.988118904055, ""invoice_query"": -1.041753839015, ""new_si_request"": 1.083751239208, ""spam"": -0.970398738368}"
linear_svm,email_398,1,bl_comparison,bl_comparison,2.01347311051,"{""bl_comparison"": 1.024080770945, ""general_message"": -0.989392339565, ""invoice_query"": -1.120403112824, ""new_si_request"": -0.993845646867, ""spam"": -1.030786719569}"
linear_svm,email_399,2,general_message,general_message,1.675675767431,"{""bl_comparison"": -0.893747289356, ""general_message"": 0.781928478075, ""invoice_query"": -0.9537132993, ""new_si_request"": -0.957256756879, ""spam"": -0.930220357252}"
linear_svm,email_400,3,new_si_request,new_si_request,2.089118605135,"{""bl_comparison"": -1.085250449537, ""general_message"": -1.036679141297, ""invoice_query"": -1.006460428414, ""new_si_request"": 1.082658176721, ""spam"": -1.017449370489}"
linear_svm,email_401,4,bl_comparison,bl_comparison,1.878124661202,"{""bl_comparison"": 0.986543000505, ""general_message"": -1.139863362357, ""invoice_query"": -0.891581660697, ""new_si_request"": -0.996008895876, ""spam"": -1.095300900016}"
linear_svm,email_402,3,invoice_query,invoice_query,1.98115983512,"{""bl_comparison"": -0.969607705346, ""general_message"": -1.068213275885, ""invoice_query"": 1.027341786654, ""new_si_request"": -0.953818048466, ""spam"": -1.066198816092}"
linear_svm,email_403,3,invoice_query,invoice_query,1.75154204569,"{""bl_comparison"": -0.882853097966, ""general_message"": -0.991524840993, ""invoice_query"": 0.868688947724, ""new_si_request"": -0.973525662156, ""spam"": -0.993993667867}"
linear_svm,email_404,5,spam,spam,1.72312169342,"{""bl_comparison"": -0.872881710838, ""general_message"": -0.916291068854, ""invoice_query"": -0.955085747703, ""new_si_request"": -0.942370136613, ""spam"": 0.850239982582}"
linear_svm,email_405,3,bl_comparison,bl_comparison,2.087604060906,"{""bl_comparison"": 1.130918667593, ""general_message"": -1.213268271905, ""invoice_query"": -1.00625916103, ""new_si_request"": -0.956685393313, ""spam"": -1.122537325371}"
linear_svm,email_406,5,invoice_query,invoice_query,1.293065680525,"{""bl_comparison"": -0.594877733742, ""general_message"": -1.088634271635, ""invoice_query"": 0.698187946783, ""new_si_request"": -0.943249200463, ""spam"": -1.069714360913}"
linear_svm,email_407,3,bl_comparison,bl_comparison,2.010941465782,"{""bl_comparison"": 1.085646787556, ""general_message"": -1.197276527395, ""invoice_query"": -0.925294678226, ""new_si_request"": -0.995932495243, ""spam"": -1.137728429334}"
linear_svm,email_408,1,bl_comparison,bl_comparison,2.440597982616,"{""bl_comparison"": 1.357614619936, ""general_message"": -1.176006357324, ""invoice_query"": -1.134070997723, ""new_si_request"": -1.08298336268, ""spam"": -1.110179432965}"
linear_svm,email_409,4,bl_comparison,bl_comparison,2.212143685142,"{""bl_comparison"": 1.218102629181, ""general_message"": -1.198965181732, ""invoice_query"": -1.0373148398, ""new_si_request"": -0.994041055961, ""spam"": -1.136633066354}"
linear_svm,email_410,3,bl_comparison,bl_comparison,2.141785854596,"{""bl_comparison"": 1.163488921808, ""general_message"": -1.187707552236, ""invoice_query"": -0.978296932788, ""new_si_request"": -1.022323036151, ""spam"": -1.1593550907}"
linear_svm,email_411,5,bl_comparison,bl_comparison,1.827505622002,"{""bl_comparison"": 0.921631604097, ""general_message"": -1.109995519486, ""invoice_query"": -0.987543861248, ""new_si_request"": -0.905874017905, ""spam"": -1.084082838832}"
linear_svm,email_412,4,invoice_query,invoice_query,2.437937976554,"{""bl_comparison"": -1.181281497683, ""general_message"": -1.079197890972, ""invoice_query"": 1.366266263917, ""new_si_request"": -1.080745096509, ""spam"": -1.071671712637}"
linear_svm,email_413,4,new_si_request,new_si_request,1.74980621487,"{""bl_comparison"": -0.903420921945, ""general_message"": -1.019873546007, ""invoice_query"": -0.977045318891, ""new_si_request"": 0.846385292925, ""spam"": -1.011101706488}"
linear_svm,email_414,3,general_message,general_message,1.84388615955,"{""bl_comparison"": -0.965403263273, ""general_message"": 0.897332122593, ""invoice_query"": -0.946554036957, ""new_si_request"": -0.969534278356, ""spam"": -0.952174042484}"
linear_svm,email_415,4,general_message,general_message,1.278165504904,"{""bl_comparison"": -0.774235805693, ""general_message"": 0.503929699211, ""invoice_query"": -0.872983298522, ""new_si_request"": -0.889562040818, ""spam"": -0.786152547919}"
linear_svm,email_416,4,bl_comparison,bl_comparison,2.215056570727,"{""bl_comparison"": 1.202957630949, ""general_message"": -1.160792219438, ""invoice_query"": -1.067284470362, ""new_si_request"": -1.012098939778, ""spam"": -1.127261979842}"
linear_svm,email_417,1,spam,spam,1.493565628658,"{""bl_comparison"": -0.870438400809, ""general_message"": -0.896876425879, ""invoice_query"": -0.811565424086, ""new_si_request"": -0.958785353638, ""spam"": 0.682000204572}"
linear_svm,email_418,2,general_message,general_message,1.832566980013,"{""bl_comparison"": -0.948769362198, ""general_message"": 0.883797617815, ""invoice_query"": -0.950497770809, ""new_si_request"": -0.982204782989, ""spam"": -0.957579332019}"
linear_svm,email_419,1,bl_comparison,bl_comparison,2.000380736376,"{""bl_comparison"": 1.079528784002, ""general_message"": -1.148590614584, ""invoice_query"": -0.920851952374, ""new_si_request"": -1.036326576535, ""spam"": -1.11930873704}"
linear_svm,email_420,5,invoice_query,invoice_query,2.276004126417,"{""bl_comparison"": -1.054752260071, ""general_message"": -1.086515448759, ""invoice_query"": 1.234860183366, ""new_si_request"": -1.041143943051, ""spam"": -1.071027168639}"
linear_svm,email_421,5,bl_comparison,bl_comparison,1.987728422594,"{""bl_comparison"": 1.049008595366, ""general_message"": -1.178731879128, ""invoice_query"": -0.938719827228, ""new_si_request"": -0.992763027426, ""spam"": -1.104383669361}"
linear_svm,email_422,1,invoice_query,invoice_query,2.30944923164,"{""bl_comparison"": -1.205782467567, ""general_message"": -1.018443378849, ""invoice_query"": 1.291005852791, ""new_si_request"": -1.058529110294, ""spam"": -1.043464740601}"
linear_svm,email_423,1,bl_comparison,bl_comparison,2.009109699671,"{""bl_comparison"": 1.02764139753, ""general_message"": -1.100777267817, ""invoice_query"": -1.03160869184, ""new_si_request"": -0.981468302141, ""spam"": -1.097747407992}"
linear_svm,email_424,5,bl_comparison,bl_comparison,1.779336753869,"{""bl_comparison"": 0.929481746109, ""general_message"": -1.126569626294, ""invoice_query"": -0.84985500776, ""new_si_request"": -0.973039176764, ""spam"": -1.113694558216}"
linear_svm,email_425,1,invoice_query,invoice_query,1.532088501056,"{""bl_comparison"": -0.711670268376, ""general_message"": -1.048948439414, ""invoice_query"": 0.82041823268, ""new_si_request"": -0.990016590712, ""spam"": -1.079879868076}"
linear_svm,email_426,5,bl_comparison,bl_comparison,1.9419894578,"{""bl_comparison"": 1.001651383739, ""general_message"": -1.083608198756, ""invoice_query"": -0.940338074061, ""new_si_request"": -1.01932658482, ""spam"": -1.088125604586}"
linear_svm,email_427,4,new_si_request,new_si_request,2.133740967533,"{""bl_comparison"": -1.10011576612, ""general_message"": -1.085611857625, ""invoice_query"": -0.977008665626, ""new_si_request"": 1.156732301907, ""spam"": -1.065059079818}"
linear_svm,email_428,5,bl_comparison,bl_comparison,2.020251221164,"{""bl_comparison"": 1.036879530291, ""general_message"": -1.098156387703, ""invoice_query"": -0.993743276019, ""new_si_request"": -0.983371690873, ""spam"": -1.059598400369}"
linear_svm,email_429,3,new_si_request,new_si_request,1.859452483728,"{""bl_comparison"": -0.934755742653, ""general_message"": -0.996858178584, ""invoice_query"": -1.036148443549, ""new_si_request"": 0.924696741075, ""spam"": -1.015020262524}"
linear_svm,email_430,1,new_si_request,new_si_request,2.298058358117,"{""bl_comparison"": -1.194736572622, ""general_message"": -1.044401276703, ""invoice_query"": -1.066408851748, ""new_si_request"": 1.260856988479, ""spam"": -1.037201369638}"
linear_svm,email_431,4,general_message,general_message,1.941109096702,"{""bl_comparison"": -0.96470578602, ""general_message"": 0.976403310682, ""invoice_query"": -1.000172954836, ""new_si_request"": -0.974095599426, ""spam"": -0.981862557968}"
linear_svm,email_432,2,bl_comparison,bl_comparison,1.954781654232,"{""bl_comparison"": 1.082528761235, ""general_message"": -1.112451163354, ""invoice_query"": -0.872252892997, ""new_si_request"": -1.145227822141, ""spam"": -1.116962139544}"
linear_svm,email_433,2,new_si_request,new_si_request,2.282230786785,"{""bl_comparison"": -1.129625835039, ""general_message"": -1.025154473072, ""invoice_query"": -1.139935575483, ""new_si_request"": 1.257076313713, ""spam"": -1.041993557208}"
linear_svm,email_434,2,bl_comparison,bl_comparison,1.885633793257,"{""bl_comparison"": 1.020369841373, ""general_message"": -1.16752524505, ""invoice_query"": -0.865263951884, ""new_si_request"": -1.065229553202, ""spam"": -1.083982420621}"
linear_svm,email_435,4,bl_comparison,bl_comparison,1.952983471594,"{""bl_comparison"": 0.981009108976, ""general_message"": -1.069963432442, ""invoice_query"": -0.988936819607, ""new_si_request"": -0.971974362618, ""spam"": -1.070325280519}"
linear_svm,email_436,4,bl_comparison,bl_comparison,2.244442394838,"{""bl_comparison"": 1.201469016841, ""general_message"": -1.13235514101, ""invoice_query"": -1.042973377997, ""new_si_request"": -1.075142159235, ""spam"": -1.142635439246}"
linear_svm,email_437,3,new_si_request,new_si_request,2.024179488463,"{""bl_comparison"": -1.141445230197, ""general_message"": -0.96686337057, ""invoice_query"": -1.027976182272, ""new_si_request"": 1.057316117893, ""spam"": -0.969286242685}"
linear_svm,email_438,1,new_si_request,new_si_request,1.820333140392,"{""bl_comparison"": -0.90496635834, ""general_message"": -1.017897063437, ""invoice_query"": -1.020263844791, ""new_si_request"": 0.915366782052, ""spam"": -1.032471012474}"
linear_svm,email_439,3,invoice_query,invoice_query,1.443535180323,"{""bl_comparison"": -0.711035390599, ""general_message"": -1.009664839627, ""invoice_query"": 0.732499789724, ""new_si_request"": -0.916161381425, ""spam"": -1.062088032296}"
linear_svm,email_440,1,bl_comparison,bl_comparison,1.776886507104,"{""bl_comparison"": 0.909912009534, ""general_message"": -1.086599210171, ""invoice_query"": -0.86697449757, ""new_si_request"": -0.993678021094, ""spam"": -1.073981166132}"
linear_svm,email_441,1,general_message,general_message,2.060601215688,"{""bl_comparison"": -1.015379532317, ""general_message"": 1.061025742848, ""invoice_query"": -0.99957547284, ""new_si_request"": -1.008163631335, ""spam"": -1.008330645191}"
linear_svm,email_442,5,bl_comparison,bl_comparison,1.930638191627,"{""bl_comparison"": 0.986369337535, ""general_message"": -1.074784680001, ""invoice_query"": -0.944268854092, ""new_si_request"": -1.010089350812, ""spam"": -1.070941336125}"
linear_svm,email_443,1,new_si_request,new_si_request,2.380847303487,"{""bl_comparison"": -1.205568916772, ""general_message"": -1.068521154307, ""invoice_query"": -1.05388535199, ""new_si_request"": 1.326961951497, ""spam"": -1.064316407853}"
linear_svm,email_444,1,bl_comparison,bl_comparison,2.088385340841,"{""bl_comparison"": 1.083908108017, ""general_message"": -1.004477232824, ""invoice_query"": -1.08428656736, ""new_si_request"": -1.082795355122, ""spam"": -1.015485016108}"
linear_svm,email_445,3,general_message,general_message,1.751867546709,"{""bl_comparison"": -0.905066776263, ""general_message"": 0.846800770446, ""invoice_query"": -0.922946313692, ""new_si_request"": -0.991492643002, ""spam"": -0.952040588304}"
linear_svm,email_446,1,bl_comparison,bl_comparison,2.136029005151,"{""bl_comparison"": 1.103317582646, ""general_message"": -1.085607913593, ""invoice_query"": -1.032711422505, ""new_si_request"": -1.057280868475, ""spam"": -1.04489351197}"
linear_svm,email_447,3,bl_comparison,bl_comparison,1.821460110634,"{""bl_comparison"": 0.93045900694, ""general_message"": -1.089225174048, ""invoice_query"": -0.891001103694, ""new_si_request"": -0.985174637475, ""spam"": -1.100418709531}"
linear_svm,email_448,1,bl_comparison,bl_comparison,1.750818542732,"{""bl_comparison"": 0.876969702196, ""general_message"": -1.083704483177, ""invoice_query"": -0.873848840536, ""new_si_request"": -0.975245213791, ""spam"": -1.048298999388}"
linear_svm,email_449,2,spam,spam,1.82608531376,"{""bl_comparison"": -0.919637628379, ""general_message"": -0.932613477105, ""invoice_query"": -0.954966976441, ""new_si_request"": -0.960638988508, ""spam"": 0.906447685381}"
linear_svm,email_450,2,spam,spam,1.879361794036,"{""bl_comparison"": -0.955355722123, ""general_message"": -0.943880122219, ""invoice_query"": -0.983314618816, ""new_si_request"": -0.986286187059, ""spam"": 0.935481671817}"
linear_svm,email_451,5,bl_comparison,bl_comparison,2.366762312553,"{""bl_comparison"": 1.284176802436, ""general_message"": -1.1436230952, ""invoice_query"": -1.110170219823, ""new_si_request"": -1.091262970576, ""spam"": -1.082585510117}"
linear_svm,email_452,5,invoice_query,invoice_query,1.756271583112,"{""bl_comparison"": -0.825518723041, ""general_message"": -1.054599064318, ""invoice_query"": 0.930752860071, ""new_si_request"": -1.024190803883, ""spam"": -1.053446239534}"
linear_svm,email_453,1,bl_comparison,bl_comparison,2.160396677525,"{""bl_comparison"": 1.170928110044, ""general_message"": -1.151411168137, ""invoice_query"": -1.050462806181, ""new_si_request"": -0.989468567481, ""spam"": -1.133285972186}"
linear_svm,email_454,4,bl_comparison,bl_comparison,2.070025877002,"{""bl_comparison"": 1.062990840365, ""general_message"": -1.067423308811, ""invoice_query"": -1.007035036637, ""new_si_request"": -1.033353220929, ""spam"": -1.06165724494}"
linear_svm,email_455,1,spam,spam,1.493565628658,"{""bl_comparison"": -0.870438400809, ""general_message"": -0.896876425879, ""invoice_query"": -0.811565424086, ""new_si_request"": -0.958785353638, ""spam"": 0.682000204572}"
linear_svm,email_456,1,bl_comparison,bl_comparison,2.28498612205,"{""bl_comparison"": 1.230379057036, ""general_message"": -1.136784669005, ""invoice_query"": -1.085816571097, ""new_si_request"": -1.082245280499, ""spam"": -1.054607065014}"
linear_svm,email_457,1,spam,spam,1.828773776669,"{""bl_comparison"": -0.915837174137, ""general_message"": -0.921833247485, ""invoice_query"": -0.972606221847, ""new_si_request"": -0.97477316206, ""spam"": 0.912936602532}"
linear_svm,email_458,4,invoice_query,invoice_query,2.24748315351,"{""bl_comparison"": -1.088887738562, ""general_message"": -1.01639391385, ""invoice_query"": 1.23108923966, ""new_si_request"": -1.076789888898, ""spam"": -1.071119296303}"
linear_svm,email_459,2,bl_comparison,bl_comparison,2.000350502836,"{""bl_comparison"": 1.076751114857, ""general_message"": -1.144469736859, ""invoice_query"": -0.923599387979, ""new_si_request"": -1.03699852166, ""spam"": -1.115622076127}"
linear_svm,email_460,3,general_message,general_message,1.661100998766,"{""bl_comparison"": -0.877151112836, ""general_message"": 0.78394988593, ""invoice_query"": -0.941033520199, ""new_si_request"": -0.963826579137, ""spam"": -0.921384958891}"
linear_svm,email_461,2,invoice_query,invoice_query,2.087135507198,"{""bl_comparison"": -1.029634932366, ""general_message"": -1.019998844132, ""invoice_query"": 1.074528863033, ""new_si_request"": -1.012606644165, ""spam"": -1.041129607345}"
linear_svm,email_462,5,bl_comparison,bl_comparison,1.949869134473,"{""bl_comparison"": 1.031000638732, ""general_message"": -1.1167451173, ""invoice_query"": -0.918868495741, ""new_si_request"": -1.045399254662, ""spam"": -1.086591133339}"
linear_svm,email_463,4,general_message,general_message,2.008096125278,"{""bl_comparison"": -1.005292580648, ""general_message"": 1.025370982968, ""invoice_query"": -1.011881974801, ""new_si_request"": -0.985630383316, ""spam"": -0.98272514231}"
linear_svm,email_464,5,general_message,general_message,2.101508433857,"{""bl_comparison"": -1.028263689286, ""general_message"": 1.106381084595, ""invoice_query"": -0.995127349262, ""new_si_request"": -1.018796988421, ""spam"": -1.027932495365}"
linear_svm,email_465,4,bl_comparison,bl_comparison,1.874875494685,"{""bl_comparison"": 0.953325651096, ""general_message"": -0.921549843589, ""invoice_query"": -0.995294792501, ""new_si_request"": -1.093286122077, ""spam"": -1.112099619182}"
linear_svm,email_466,5,new_si_request,new_si_request,2.179671161744,"{""bl_comparison"": -1.094752607363, ""general_message"": -1.034199248968, ""invoice_query"": -1.033524573175, ""new_si_request"": 1.146146588569, ""spam"": -1.045595720625}"
linear_svm,email_467,3,new_si_request,new_si_request,1.547542246182,"{""bl_comparison"": -0.750827538972, ""general_message"": -1.06627206852, ""invoice_query"": -0.988651560596, ""new_si_request"": 0.79671470721, ""spam"": -1.051792952883}"
linear_svm,email_468,5,bl_comparison,bl_comparison,2.250394839651,"{""bl_comparison"": 1.241789410869, ""general_message"": -1.158018297881, ""invoice_query"": -1.008605428782, ""new_si_request"": -1.101905456639, ""spam"": -1.125054156312}"
linear_svm,email_469,5,new_si_request,new_si_request,1.815054371434,"{""bl_comparison"": -0.904877865638, ""general_message"": -0.974150961919, ""invoice_query"": -1.069728880035, ""new_si_request"": 0.910176505796, ""spam"": -1.011353170123}"
linear_svm,email_470,4,spam,spam,1.975070636209,"{""bl_comparison"": -0.963629267684, ""general_message"": -0.97846601013, ""invoice_query"": -0.987095526625, ""new_si_request"": -0.992597244047, ""spam"": 1.011441368525}"
linear_svm,email_471,1,invoice_query,invoice_query,2.105975366752,"{""bl_comparison"": -1.015904944552, ""general_message"": -0.993580957308, ""invoice_query"": 1.112394409444, ""new_si_request"": -1.055561265508, ""spam"": -1.047611481835}"
linear_svm,email_472,1,invoice_query,invoice_query,2.213349965353,"{""bl_comparison"": -1.000356631443, ""general_message"": -1.06429045703, ""invoice_query"": 1.21299333391, ""new_si_request"": -1.061320941136, ""spam"": -1.089470174879}"
linear_svm,email_473,4,invoice_query,invoice_query,2.232320444343,"{""bl_comparison"": -1.066510081184, ""general_message"": -1.013856645782, ""invoice_query"": 1.218463798561, ""new_si_request"": -1.091004910049, ""spam"": -1.064696036358}"
linear_svm,email_474,4,bl_comparison,bl_comparison,2.385266405846,"{""bl_comparison"": 1.300459101053, ""general_message"": -1.102912174185, ""invoice_query"": -1.084807304793, ""new_si_request"": -1.13711478582, ""spam"": -1.100647118423}"
linear_svm,email_475,3,new_si_request,new_si_request,2.203936388274,"{""bl_comparison"": -1.147542177326, ""general_message"": -1.04123654694, ""invoice_query"": -1.022904478822, ""new_si_request"": 1.181031909452, ""spam"": -1.053511983907}"
linear_svm,email_476,3,bl_comparison,bl_comparison,1.781475313033,"{""bl_comparison"": 0.856243257016, ""general_message"": -0.925232056017, ""invoice_query"": -0.959075789966, ""new_si_request"": -1.037193779678, ""spam"": -1.073408122497}"
linear_svm,email_477,5,new_si_request,new_si_request,1.650881861196,"{""bl_comparison"": -0.866492720657, ""general_message"": -0.987788149123, ""invoice_query"": -0.947603973453, ""new_si_request"": 0.784389140539, ""spam"": -1.034138405412}"
linear_svm,email_478,3,new_si_request,new_si_request,2.265734382696,"{""bl_comparison"": -1.185122965438, ""general_message"": -1.042522282395, ""invoice_query"": -1.035360505658, ""new_si_request"": 1.241847977227, ""spam"": -1.023886405469}"
linear_svm,email_479,1,bl_comparison,bl_comparison,2.204605108071,"{""bl_comparison"": 1.17892337029, ""general_message"": -1.146967219013, ""invoice_query"": -1.025681737781, ""new_si_request"": -1.040472511893, ""spam"": -1.122323196721}"
linear_svm,email_480,4,bl_comparison,bl_comparison,1.867740418704,"{""bl_comparison"": 0.972735469682, ""general_message"": -1.111343360195, ""invoice_query"": -0.895004949022, ""new_si_request"": -1.001849505507, ""spam"": -1.097609595483}"
linear_svm,email_481,2,bl_comparison,bl_comparison,2.052974612783,"{""bl_comparison"": 1.078751068262, ""general_message"": -1.142875665754, ""invoice_query"": -1.027649025309, ""new_si_request"": -0.974223544521, ""spam"": -1.081660480876}"
linear_svm,email_482,2,bl_comparison,bl_comparison,2.389240527511,"{""bl_comparison"": 1.308051010428, ""general_message"": -1.144203915094, ""invoice_query"": -1.125349126974, ""new_si_request"": -1.081189517083, ""spam"": -1.083621661315}"
linear_svm,email_483,5,bl_comparison,bl_comparison,2.007373088496,"{""bl_comparison"": 1.085140382393, ""general_message"": -1.18172453824, ""invoice_query"": -0.922232706103, ""new_si_request"": -1.000281421571, ""spam"": -1.118813634696}"
linear_svm,email_484,1,new_si_request,new_si_request,1.693198913276,"{""bl_comparison"": -0.847624592451, ""general_message"": -1.043914715949, ""invoice_query"": -0.9497741705, ""new_si_request"": 0.845574320825, ""spam"": -1.068874145631}"
linear_svm,email_485,1,new_si_request,new_si_request,2.30490913225,"{""bl_comparison"": -1.135373785851, ""general_message"": -1.081411974493, ""invoice_query"": -1.049031419418, ""new_si_request"": 1.255877712832, ""spam"": -1.07852441311}"
linear_svm,email_486,2,bl_comparison,bl_comparison,2.254931450274,"{""bl_comparison"": 1.203851470669, ""general_message"": -1.114934860254, ""invoice_query"": -1.095451557359, ""new_si_request"": -1.051079979605, ""spam"": -1.066654971457}"
linear_svm,email_487,1,new_si_request,new_si_request,1.69284189548,"{""bl_comparison"": -0.867583769638, ""general_message"": -0.995991588946, ""invoice_query"": -0.996089177034, ""new_si_request"": 0.825258125842, ""spam"": -1.0023699569}"
linear_svm,email_488,1,general_message,general_message,1.859699790396,"{""bl_comparison"": -0.908938512988, ""general_message"": 0.950761277408, ""invoice_query"": -0.999342397311, ""new_si_request"": -1.013416722491, ""spam"": -0.976258663583}"
linear_svm,email_489,3,spam,spam,1.871403718862,"{""bl_comparison"": -0.93375721442, ""general_message"": -0.950490391055, ""invoice_query"": -0.981072243449, ""new_si_request"": -0.958373836106, ""spam"": 0.937646504442}"
linear_svm,email_490,5,invoice_query,invoice_query,1.676416282313,"{""bl_comparison"": -0.848742581432, ""general_message"": -1.035364136918, ""invoice_query"": 0.827673700881, ""new_si_request"": -0.943895462398, ""spam"": -1.03864010598}"
linear_svm,email_491,4,bl_comparison,bl_comparison,2.169827531296,"{""bl_comparison"": 1.207138361473, ""general_message"": -1.133926362912, ""invoice_query"": -1.140207772192, ""new_si_request"": -0.962689169823, ""spam"": -1.103718630196}"
linear_svm,email_492,2,invoice_query,invoice_query,2.039284958365,"{""bl_comparison"": -1.002711329961, ""general_message"": -0.995296064926, ""invoice_query"": 1.043988893439, ""new_si_request"": -1.008831316342, ""spam"": -1.031899773589}"
linear_svm,email_493,3,bl_comparison,bl_comparison,2.184870809593,"{""bl_comparison"": 1.163197506775, ""general_message"": -1.144378818934, ""invoice_query"": -1.062789175156, ""new_si_request"": -1.021673302818, ""spam"": -1.066721357122}"
linear_svm,email_494,3,bl_comparison,bl_comparison,2.280727885298,"{""bl_comparison"": 1.237900077491, ""general_message"": -1.181253505047, ""invoice_query"": -1.042827807807, ""new_si_request"": -1.060016208073, ""spam"": -1.095600500345}"
linear_svm,email_495,2,bl_comparison,bl_comparison,1.665689320018,"{""bl_comparison"": 0.819092761216, ""general_message"": -1.070871503496, ""invoice_query"": -0.846596558802, ""new_si_request"": -0.932786510985, ""spam"": -1.067691671471}"
linear_svm,email_496,5,bl_comparison,bl_comparison,1.735021217904,"{""bl_comparison"": 0.870452240498, ""general_message"": -1.158295063127, ""invoice_query"": -0.864568977406, ""new_si_request"": -0.909560521794, ""spam"": -1.084515244165}"
linear_svm,email_497,4,invoice_query,invoice_query,1.675508340586,"{""bl_comparison"": -0.760219166421, ""general_message"": -1.084308465493, ""invoice_query"": 0.915289174165, ""new_si_request"": -1.003167228354, ""spam"": -1.089334726354}"
linear_svm,email_498,2,bl_comparison,bl_comparison,2.01559481612,"{""bl_comparison"": 1.035177592648, ""general_message"": -1.054362935075, ""invoice_query"": -1.009805637896, ""new_si_request"": -0.980417223472, ""spam"": -1.138713789392}"
linear_svm,email_499,4,bl_comparison,bl_comparison,2.156451298391,"{""bl_comparison"": 1.151791063953, ""general_message"": -1.153288082329, ""invoice_query"": -1.024239836678, ""new_si_request"": -1.004660234438, ""spam"": -1.103320559248}"
linear_svm,email_500,2,invoice_query,invoice_query,1.914587948983,"{""bl_comparison"": -0.922439762971, ""general_message"": -0.993930555003, ""invoice_query"": 0.992148186012, ""new_si_request"": -0.99210094446, ""spam"": -1.048458118678}"
linear_svm,email_501,4,bl_comparison,bl_comparison,1.96344934145,"{""bl_comparison"": 1.008114188218, ""general_message"": -0.955335153232, ""invoice_query"": -1.038331558719, ""new_si_request"": -1.160013546749, ""spam"": -1.054728624564}"
linear_svm,email_502,2,bl_comparison,bl_comparison,1.801917857131,"{""bl_comparison"": 0.888342501282, ""general_message"": -0.913575355849, ""invoice_query"": -1.066477947512, ""new_si_request"": -1.044355740874, ""spam"": -1.019919722084}"
linear_svm,email_503,1,bl_comparison,bl_comparison,1.606902186558,"{""bl_comparison"": 0.728826605624, ""general_message"": -0.878075580934, ""invoice_query"": -0.983723493728, ""new_si_request"": -1.015223418892, ""spam"": -0.967962825499}"
linear_svm,email_504,4,bl_comparison,bl_comparison,1.663174402876,"{""bl_comparison"": 0.801771661011, ""general_message"": -0.861402741865, ""invoice_query"": -1.015497219619, ""new_si_request"": -1.059156083094, ""spam"": -1.018254997126}"
linear_svm,email_505,3,bl_comparison,bl_comparison,1.64893364364,"{""bl_comparison"": 0.744664904772, ""general_message"": -0.904268738868, ""invoice_query"": -1.007082074145, ""new_si_request"": -0.992728706384, ""spam"": -0.97603486004}"
linear_svm,email_506,5,bl_comparison,bl_comparison,1.38995416804,"{""bl_comparison"": 0.545344992836, ""general_message"": -0.844609175204, ""invoice_query"": -0.998081425318, ""new_si_request"": -0.930219619399, ""spam"": -0.901359100165}"
linear_svm,email_507,1,bl_comparison,bl_comparison,1.893622111376,"{""bl_comparison"": 0.934983135313, ""general_message"": -0.958638976063, ""invoice_query"": -0.975997284075, ""new_si_request"": -1.145476836015, ""spam"": -1.02899577372}"
linear_svm,email_508,3,bl_comparison,bl_comparison,1.356908095655,"{""bl_comparison"": 0.513720677004, ""general_message"": -0.843187418651, ""invoice_query"": -0.960364013908, ""new_si_request"": -0.960577576551, ""spam"": -0.896030361091}"
linear_svm,email_509,3,bl_comparison,bl_comparison,1.634599051211,"{""bl_comparison"": 0.74956799523, ""general_message"": -0.911629946166, ""invoice_query"": -0.885031055981, ""new_si_request"": -1.067082776745, ""spam"": -1.01855336939}"
linear_svm,email_510,4,bl_comparison,bl_comparison,1.560703516764,"{""bl_comparison"": 0.717980160415, ""general_message"": -0.842723356349, ""invoice_query"": -1.028673352185, ""new_si_request"": -1.140627030332, ""spam"": -0.877094462253}"
linear_svm,email_511,5,bl_comparison,bl_comparison,1.82477738422,"{""bl_comparison"": 0.949053179806, ""general_message"": -0.875724204414, ""invoice_query"": -1.154439997166, ""new_si_request"": -1.13199382822, ""spam"": -0.926744386567}"
linear_svm,email_512,1,bl_comparison,bl_comparison,1.769695660756,"{""bl_comparison"": 0.871284135017, ""general_message"": -0.898411525739, ""invoice_query"": -1.059338564108, ""new_si_request"": -1.095061203668, ""spam"": -0.962361350183}"
linear_svm,email_513,5,bl_comparison,bl_comparison,1.60764833167,"{""bl_comparison"": 0.74539514621, ""general_message"": -0.86225318546, ""invoice_query"": -1.084623553325, ""new_si_request"": -0.99152536614, ""spam"": -0.935667758224}"
linear_svm,email_514,5,bl_comparison,bl_comparison,1.466368046237,"{""bl_comparison"": 0.730236424895, ""general_message"": -0.736131621342, ""invoice_query"": -1.101109422583, ""new_si_request"": -1.069864120053, ""spam"": -0.932323332974}"
linear_svm,email_515,1,bl_comparison,bl_comparison,1.684189205035,"{""bl_comparison"": 0.81086410578, ""general_message"": -0.873325099255, ""invoice_query"": -1.110374926474, ""new_si_request"": -1.025422031738, ""spam"": -0.936769634423}"
linear_svm,email_516,3,bl_comparison,bl_comparison,2.041402100664,"{""bl_comparison"": 1.01416084247, ""general_message"": -1.040332497633, ""invoice_query"": -1.067687926081, ""new_si_request"": -1.049168444024, ""spam"": -1.027241258194}"
linear_svm,email_517,1,bl_comparison,bl_comparison,2.092963296468,"{""bl_comparison"": 1.073937278313, ""general_message"": -1.035779723339, ""invoice_query"": -1.080649995535, ""new_si_request"": -1.107600827533, ""spam"": -1.019026018155}"
linear_svm,email_518,4,bl_comparison,bl_comparison,1.859685119883,"{""bl_comparison"": 0.992850578179, ""general_message"": -0.866834541704, ""invoice_query"": -1.120832746692, ""new_si_request"": -1.125030060869, ""spam"": -1.026746091541}"
linear_svm,email_519,2,bl_comparison,bl_comparison,1.831333215252,"{""bl_comparison"": 0.870770542567, ""general_message"": -0.96817825098, ""invoice_query"": -0.993901856824, ""new_si_request"": -1.076811140155, ""spam"": -0.960562672685}"
linear_svm,email_520,2,bl_comparison,bl_comparison,1.858563782371,"{""bl_comparison"": 0.898010077305, ""general_message"": -0.968219669809, ""invoice_query"": -1.0422177011, ""new_si_request"": -1.058109530282, ""spam"": -0.960553705066}"
